Index,Biomass species,M,Ash ,VM,FC,C,H,O,N,PS,FT,HR,FR,Solid phase,Liquid phase,Gas phase,FR_disponible,H_C,O_C,FT_squared
1,Jerusalem artichoke stick,15.76,3.34,67.4,13.5,45.36,6.11,47.26,0.75,0.5,550,10.0,100.0,35.0,44.9,20.1,1,1.6050434705775314,0.7821805275969077,302500
2,Jerusalem artichoke stick,15.76,3.34,67.4,13.5,45.36,6.11,47.26,0.75,0.5,650,10.0,100.0,31.75,41.25,27.0,1,1.6050434705775314,0.7821805275969077,422500
3,Jerusalem artichoke stick,15.76,3.34,67.4,13.5,45.36,6.11,47.26,0.75,0.5,750,10.0,100.0,30.2,40.6,29.2,1,1.6050434705775314,0.7821805275969077,562500
4,Jerusalem artichoke stick,15.76,3.34,67.4,13.5,45.36,6.11,47.26,0.75,0.5,850,10.0,100.0,28.6,36.36,35.04,1,1.6050434705775314,0.7821805275969077,722500
5,reed,5.89,8.47,72.12,13.52,42.78,5.17,50.51,1.33,0.5,550,10.0,100.0,32.85,54.38,12.77,1,1.4400195815430736,0.8863860588996021,302500
6,reed,5.89,8.47,72.12,13.52,42.78,5.17,50.51,1.33,0.5,650,10.0,100.0,30.14,55.56,14.3,1,1.4400195815430736,0.8863860588996021,422500
7,reed,5.89,8.47,72.12,13.52,42.78,5.17,50.51,1.33,0.5,750,10.0,100.0,28.4,54.75,16.85,1,1.4400195815430736,0.8863860588996021,562500
8,reed,5.89,8.47,72.12,13.52,42.78,5.17,50.51,1.33,0.5,850,10.0,100.0,26.28,53.22,20.5,1,1.4400195815430736,0.8863860588996021,722500
12,Ponytail,8.12,0.76,78.95,14.04,52.33,5.81,41.66,0.2,0.3,400,10.0,100.0,26.53,33.33,39.73,0,1.3229518334501134,0.5976609205952306,160000
13,Ponytail,8.12,0.76,78.95,14.04,52.33,5.81,41.66,0.2,0.3,500,10.0,100.0,24.84,31.64,42.9,0,1.3229518334501134,0.5976609205952306,250000
14,Ponytail,8.12,0.76,78.95,14.04,52.33,5.81,41.66,0.2,0.3,600,10.0,50.0,24.1,31.02,44.1,0,1.3229518334501134,0.5976609205952306,360000
15,Ponytail,8.12,0.76,78.95,14.04,52.33,5.81,41.66,0.2,0.3,700,10.0,50.0,23.33,29.3,45.8,0,1.3229518334501134,0.5976609205952306,490000
16,wheat stalk,7.4,5.9,69.3,17.4,41.41,5.86,45.22,1.44,0.1,400,10.0,100.0,56.69,25.04,14.8,0,1.686207514479671,0.8198070638289561,160000
17,wheat stalk,7.4,5.9,69.3,17.4,41.41,5.86,45.22,1.44,0.1,500,10.0,100.0,47.28,30.66,21.16,0,1.686207514479671,0.8198070638289561,250000
18,wheat stalk,7.4,5.9,69.3,17.4,41.41,5.86,45.22,1.44,0.1,600,10.0,50.0,46.56,30.19,21.89,0,1.686207514479671,0.8198070638289561,360000
24,Wheat straw,7.4,5.9,69.3,17.4,41.41,5.86,45.22,1.44,0.4,400,15.0,3000.0,57.13,25.07,17.69,1,1.686207514479671,0.8198070638289561,160000
25,Wheat straw,7.4,5.9,69.3,17.4,41.41,5.86,45.22,1.44,0.4,500,15.0,3000.0,47.7,30.88,20.85,1,1.686207514479671,0.8198070638289561,250000
26,Wheat straw,7.4,5.9,69.3,17.4,41.41,5.86,45.22,1.44,0.4,600,15.0,3000.0,47.0,30.7,22.06,1,1.686207514479671,0.8198070638289561,360000
47,sugar cane,5.4,3.1,80.2,11.3,44.86,5.87,48.97,0.24,0.55,350,10.0,100.0,50.07,29.04,20.89,1,1.5591843495460302,0.8195154835384968,122500
48,sugar cane,5.4,3.1,80.2,11.3,44.86,5.87,48.97,0.24,0.55,400,10.0,100.0,45.09,33.07,21.27,1,1.5591843495460302,0.8195154835384968,160000
49,sugar cane,5.4,3.1,80.2,11.3,44.86,5.87,48.97,0.24,0.55,450,10.0,100.0,37.31,38.16,24.22,1,1.5591843495460302,0.8195154835384968,202500
50,sugar cane,5.4,3.1,80.2,11.3,44.86,5.87,48.97,0.24,0.55,500,10.0,100.0,31.46,41.97,26.52,1,1.5591843495460302,0.8195154835384968,250000
51,sugar cane,5.4,3.1,80.2,11.3,44.86,5.87,48.97,0.24,0.55,550,10.0,100.0,31.4,40.2,28.4,1,1.5591843495460302,0.8195154835384968,302500
52,sugar cane,5.4,3.1,80.2,11.3,44.86,5.87,48.97,0.24,0.55,600,10.0,100.0,30.06,39.5,35.64,1,1.5591843495460302,0.8195154835384968,360000
53,sugar cane,5.4,3.1,80.2,11.3,44.86,5.87,48.97,0.24,0.55,650,10.0,100.0,23.36,38.81,37.09,1,1.5591843495460302,0.8195154835384968,422500
54,sugar cane,5.4,3.1,80.2,11.3,44.86,5.87,48.97,0.24,0.55,350,50.0,100.0,47.16,30.83,20.91,1,1.5591843495460302,0.8195154835384968,122500
55,sugar cane,5.4,3.1,80.2,11.3,44.86,5.87,48.97,0.24,0.55,400,50.0,100.0,42.16,35.76,22.12,1,1.5591843495460302,0.8195154835384968,160000
56,sugar cane,5.4,3.1,80.2,11.3,44.86,5.87,48.97,0.24,0.55,450,50.0,100.0,34.48,41.3,23.11,1,1.5591843495460302,0.8195154835384968,202500
57,sugar cane,5.4,3.1,80.2,11.3,44.86,5.87,48.97,0.24,0.55,500,50.0,100.0,28.24,45.19,25.97,1,1.5591843495460302,0.8195154835384968,250000
58,sugar cane,5.4,3.1,80.2,11.3,44.86,5.87,48.97,0.24,0.55,550,50.0,100.0,25.11,44.32,29.45,1,1.5591843495460302,0.8195154835384968,302500
59,sugar cane,5.4,3.1,80.2,11.3,44.86,5.87,48.97,0.24,0.55,600,50.0,100.0,24.87,41.81,32.3,1,1.5591843495460302,0.8195154835384968,360000
60,sugar cane,5.4,3.1,80.2,11.3,44.86,5.87,48.97,0.24,0.55,650,50.0,100.0,24.21,39.5,34.13,1,1.5591843495460302,0.8195154835384968,422500
61,sugar cane,5.4,3.1,80.2,11.3,44.86,5.87,48.97,0.24,0.25,500,50.0,100.0,37.4,26.94,34.17,1,1.5591843495460302,0.8195154835384968,250000
62,sugar cane,5.4,3.1,80.2,11.3,44.86,5.87,48.97,0.24,0.38,500,50.0,100.0,39.54,27.94,30.99,1,1.5591843495460302,0.8195154835384968,250000
63,sugar cane,5.4,3.1,80.2,11.3,44.86,5.87,48.97,0.24,0.55,500,50.0,100.0,45.49,29.14,25.71,1,1.5591843495460302,0.8195154835384968,250000
64,sugar cane,5.4,3.1,80.2,11.3,44.86,5.87,48.97,0.24,0.8,500,50.0,100.0,43.82,36.41,20.44,1,1.5591843495460302,0.8195154835384968,250000
65,sugar cane,5.4,3.1,80.2,11.3,44.86,5.87,48.97,0.24,1.35,500,50.0,100.0,41.59,37.79,20.49,1,1.5591843495460302,0.8195154835384968,250000
66,sugar cane,5.4,3.1,80.2,11.3,44.86,5.87,48.97,0.24,0.55,500,50.0,50.0,39.53,33.78,26.4,1,1.5591843495460302,0.8195154835384968,250000
67,sugar cane,5.4,3.1,80.2,11.3,44.86,5.87,48.97,0.24,0.55,500,50.0,100.0,45.18,27.93,27.17,1,1.5591843495460302,0.8195154835384968,250000
68,sugar cane,5.4,3.1,80.2,11.3,44.86,5.87,48.97,0.24,0.55,500,50.0,150.0,42.7,27.2,29.7,1,1.5591843495460302,0.8195154835384968,250000
69,sugar cane,5.4,3.1,80.2,11.3,44.86,5.87,48.97,0.24,0.55,500,50.0,200.0,41.85,26.72,31.22,1,1.5591843495460302,0.8195154835384968,250000
75,Mangosteen plants,7.3,3.6,73.2,15.9,47.6,5.5,46.1,0.8,0.8,300,10.0,1500.0,49.5,30.7,19.75,1,1.3768111411231159,0.7270768236039962,90000
76,Mangosteen plants,7.3,3.6,73.2,15.9,47.6,5.5,46.1,0.8,0.8,400,10.0,1500.0,30.95,48.3,20.74,1,1.3768111411231159,0.7270768236039962,160000
77,Mangosteen plants,7.3,3.6,73.2,15.9,47.6,5.5,46.1,0.8,0.8,450,10.0,1500.0,29.42,49.01,21.5,1,1.3768111411231159,0.7270768236039962,202500
78,Mangosteen plants,7.3,3.6,73.2,15.9,47.6,5.5,46.1,0.8,0.8,500,10.0,1500.0,27.15,50.03,22.82,1,1.3768111411231159,0.7270768236039962,250000
79,Mangosteen plants,7.3,3.6,73.2,15.9,47.6,5.5,46.1,0.8,0.8,550,10.0,1500.0,26.21,50.57,23.23,1,1.3768111411231159,0.7270768236039962,302500
80,Mangosteen plants,7.3,3.6,73.2,15.9,47.6,5.5,46.1,0.8,0.8,600,10.0,1500.0,25.92,49.7,24.3,1,1.3768111411231159,0.7270768236039962,360000
81,Mangosteen plants,7.3,3.6,73.2,15.9,47.6,5.5,46.1,0.8,0.8,700,10.0,1500.0,25.1,48.24,26.66,1,1.3768111411231159,0.7270768236039962,490000
82,Peanut shells ,8.03,11.31,58.38,22.29,37.87,5.19,55.24,1.57,1.25,300,15.0,50.0,47.76,14.38,36.43,1,1.633016931356646,1.0950770903244826,90000
83,Peanut shells,8.03,11.31,58.38,22.29,37.87,5.19,55.24,1.57,1.25,400,15.0,50.0,41.42,15.83,40.79,1,1.633016931356646,1.0950770903244826,160000
84,Peanut shells,8.03,11.31,58.38,22.29,37.87,5.19,55.24,1.57,1.25,500,15.0,50.0,37.06,17.75,41.17,1,1.633016931356646,1.0950770903244826,250000
85,Peanut shells,8.03,11.31,58.38,22.29,37.87,5.19,55.24,1.57,1.25,600,15.0,50.0,35.43,15.12,46.12,1,1.633016931356646,1.0950770903244826,360000
86,Peanut shells,8.03,11.31,58.38,22.29,37.87,5.19,55.24,1.57,1.25,700,15.0,50.0,33.73,13.03,52.4,1,1.633016931356646,1.0950770903244826,490000
87,Peanut shells,8.03,11.31,58.38,22.29,37.87,5.19,55.24,1.57,1.25,800,15.0,50.0,32.35,10.29,55.6,1,1.633016931356646,1.0950770903244826,640000
88,Peanut shells,8.03,11.31,58.38,22.29,37.87,5.19,55.24,1.57,1.25,900,15.0,50.0,33.78,8.88,53.54,1,1.633016931356646,1.0950770903244826,810000
89,Pine needles,8.81,12.24,60.09,18.86,46.28,5.8,47.03,0.72,1.25,300,15.0,50.0,52.2,14.48,30.19,1,1.4933213634056328,0.7629006010153075,90000
90,Pine needles,8.81,12.24,60.09,18.86,46.28,5.8,47.03,0.72,1.25,400,15.0,50.0,45.01,18.12,35.96,1,1.4933213634056328,0.7629006010153075,160000
91,Pine needles,8.81,12.24,60.09,18.86,46.28,5.8,47.03,0.72,1.25,500,15.0,50.0,36.51,20.76,41.36,1,1.4933213634056328,0.7629006010153075,250000
92,Pine needles,8.81,12.24,60.09,18.86,46.28,5.8,47.03,0.72,1.25,600,15.0,50.0,35.25,18.84,41.92,1,1.4933213634056328,0.7629006010153075,360000
93,Pine needles,8.81,12.24,60.09,18.86,46.28,5.8,47.03,0.72,1.25,700,15.0,50.0,32.79,12.72,52.07,1,1.4933213634056328,0.7629006010153075,490000
94,Pine needles,8.81,12.24,60.09,18.86,46.28,5.8,47.03,0.72,1.25,800,15.0,50.0,33.89,15.78,47.61,1,1.4933213634056328,0.7629006010153075,640000
95,Pine needles,8.81,12.24,60.09,18.86,46.28,5.8,47.03,0.72,1.25,900,15.0,50.0,30.54,13.28,51.32,1,1.4933213634056328,0.7629006010153075,810000
96, C. vulgaris,6.26,6.11,76.13,11.5,47.32,6.9,36.45,8.48,1.25,300,15.0,50.0,43.05,20.64,35.92,1,1.7374927041822648,0.5782812688472657,90000
97, C. vulgaris,6.26,6.11,76.13,11.5,47.32,6.9,36.45,8.48,1.25,400,15.0,50.0,43.46,16.38,37.7,1,1.7374927041822648,0.5782812688472657,160000
98, C. vulgaris,6.26,6.11,76.13,11.5,47.32,6.9,36.45,8.48,1.25,500,15.0,50.0,29.28,32.69,34.25,1,1.7374927041822648,0.5782812688472657,250000
99, C. vulgaris,6.26,6.11,76.13,11.5,47.32,6.9,36.45,8.48,1.25,600,15.0,50.0,22.33,28.5,43.71,1,1.7374927041822648,0.5782812688472657,360000
100, C. vulgaris,6.26,6.11,76.13,11.5,47.32,6.9,36.45,8.48,1.25,700,15.0,50.0,23.73,27.25,46.8,1,1.7374927041822648,0.5782812688472657,490000
101, C. vulgaris,6.26,6.11,76.13,11.5,47.32,6.9,36.45,8.48,1.25,800,15.0,50.0,21.58,26.55,50.83,1,1.7374927041822648,0.5782812688472657,640000
102, C. vulgaris,6.26,6.11,76.13,11.5,47.32,6.9,36.45,8.48,1.25,900,15.0,50.0,19.3,21.04,58.29,1,1.7374927041822648,0.5782812688472657,810000
103,Corncob,6.33,29.51,51.64,12.53,22.49,3.3,73.68,0.51,1.25,300,15.0,50.0,63.51,10.31,23.26,1,1.7484093459526986,2.459498093908771,90000
104,Corncob,6.33,29.51,51.64,12.53,22.49,3.3,73.68,0.51,11.25,400,15.0,50.0,54.42,11.43,31.02,1,1.7484093459526986,2.459498093908771,160000
105,Corncob,6.33,29.51,51.64,12.53,22.49,3.3,73.68,0.51,1.25,500,15.0,50.0,54.29,11.38,30.42,1,1.7484093459526986,2.459498093908771,250000
106,Corncob,6.33,29.51,51.64,12.53,22.49,3.3,73.68,0.51,1.25,600,15.0,50.0,50.93,10.68,35.92,1,1.7484093459526986,2.459498093908771,360000
107,Corncob,6.33,29.51,51.64,12.53,22.49,3.3,73.68,0.51,1.25,700,15.0,50.0,52.24,8.72,36.49,1,1.7484093459526986,2.459498093908771,490000
108,Corncob,6.33,29.51,51.64,12.53,22.49,3.3,73.68,0.51,1.25,800,15.0,50.0,48.27,8.28,41.43,1,1.7484093459526986,2.459498093908771,640000
109,Corncob,6.33,29.51,51.64,12.53,22.49,3.3,73.68,0.51,1.25,900,15.0,50.0,50.78,6.18,41.18,1,1.7484093459526986,2.459498093908771,810000
139,Kasaud seed,9.7,5.8,84.0,0.5,40.8,6.1,48.9,3.9,1.5,450,15.0,100.0,39.28,33.94,26.53,0,1.78151017351385,0.8997772838743597,202500
140,Kasaud seed,9.7,5.8,84.0,0.5,40.8,6.1,48.9,3.9,1.5,475,15.0,100.0,31.57,36.51,31.57,0,1.78151017351385,0.8997772838743597,225625
141,Kasaud seed,9.7,5.8,84.0,0.5,40.8,6.1,48.9,3.9,1.5,500,15.0,100.0,27.22,42.15,30.18,0,1.78151017351385,0.8997772838743597,250000
142,Kasaud seed,9.7,5.8,84.0,0.5,40.8,6.1,48.9,3.9,1.5,525,15.0,100.0,26.23,47.88,25.14,0,1.78151017351385,0.8997772838743597,275625
143,Kasaud seed,9.7,5.8,84.0,0.5,40.8,6.1,48.9,3.9,1.5,550,15.0,100.0,25.73,50.35,23.56,0,1.78151017351385,0.8997772838743597,302500
144,Kasaud seed,9.7,5.8,84.0,0.5,40.8,6.1,48.9,3.9,1.5,575,15.0,50.0,25.54,49.07,24.94,0,1.78151017351385,0.8997772838743597,330625
158,Rice husk,9.5,12.7,62.7,15.1,37.86,5.24,35.32,0.68,0.75,400,15.0,100.0,23.2,42.9,33.9,1,1.649184757544504,0.7003681919237754,160000
159,Rice husk,9.5,12.7,62.7,15.1,37.86,5.24,35.32,0.68,0.75,450,15.0,100.0,39.3,34.0,26.7,1,1.649184757544504,0.7003681919237754,202500
160,Rice husk,9.5,12.7,62.7,15.1,37.86,5.24,35.32,0.68,0.75,500,15.0,100.0,46.9,30.0,23.1,1,1.649184757544504,0.7003681919237754,250000
161,Rice husk,9.5,12.7,62.7,15.1,37.86,5.24,35.32,0.68,0.75,550,15.0,100.0,40.0,34.3,25.7,1,1.649184757544504,0.7003681919237754,302500
162,Manikala sapota seed,0.0,1.19,77.02,21.79,52.7,5.0,40.0,1.46,1.0,400,15.0,100.0,33.17,39.4,27.05,1,1.1305194120659017,0.5698173972685436,160000
163,Manikala sapota seed,0.0,1.19,77.02,21.79,52.7,5.0,40.0,1.46,1.0,450,15.0,100.0,28.51,42.41,28.92,1,1.1305194120659017,0.5698173972685436,202500
164,Manikala sapota seed,0.0,1.19,77.02,21.79,52.7,5.0,40.0,1.46,1.0,500,15.0,100.0,24.56,45.0,30.17,1,1.1305194120659017,0.5698173972685436,250000
165,Manikala sapota seed,0.0,1.19,77.02,21.79,52.7,5.0,40.0,1.46,1.0,550,15.0,100.0,22.9,41.78,35.15,1,1.1305194120659017,0.5698173972685436,302500
166,Manikala sapota seed,0.0,1.19,77.02,21.79,52.7,5.0,40.0,1.46,1.0,600,15.0,100.0,20.52,37.74,41.58,1,1.1305194120659017,0.5698173972685436,360000
167,Manikala sapota seed,0.0,1.19,77.02,21.79,52.7,5.0,40.0,1.46,1.0,500,15.0,50.0,30.87,40.96,28.08,1,1.1305194120659017,0.5698173972685436,250000
168,Manikala sapota seed,0.0,1.19,77.02,21.79,52.7,5.0,40.0,1.46,1.0,500,15.0,80.0,24.13,45.19,30.58,1,1.1305194120659017,0.5698173972685436,250000
169,Manikala sapota seed,0.0,1.19,77.02,21.79,52.7,5.0,40.0,1.46,1.0,500,15.0,100.0,22.88,43.65,33.08,1,1.1305194120659017,0.5698173972685436,250000
170,Manikala sapota seed,0.0,1.19,77.02,21.79,52.7,5.0,40.0,1.46,1.0,500,15.0,120.0,21.83,39.33,38.46,1,1.1305194120659017,0.5698173972685436,250000
171,Manikala sapota seed,0.0,1.19,77.02,21.79,52.7,5.0,40.0,1.46,0.5,500,15.0,100.0,24.33,45.63,30.8,1,1.1305194120659017,0.5698173972685436,250000
172,Manikala sapota seed,0.0,1.19,77.02,21.79,52.7,5.0,40.0,1.46,1.0,500,15.0,100.0,28.66,41.51,30.13,1,1.1305194120659017,0.5698173972685436,250000
173,Manikala sapota seed,0.0,1.19,77.02,21.79,52.7,5.0,40.0,1.46,1.5,500,15.0,100.0,33.34,39.55,28.08,1,1.1305194120659017,0.5698173972685436,250000
180,Dried banana leaves,7.8,6.2,78.2,15.6,43.5,6.2,42.3,0.86,0.75,500,10.0,100.0,23.3,27.0,49.6,0,1.698326035395001,0.7300245058419599,250000
181,Sugarcane straw,10.4,16.4,74.0,13.0,43.2,6.7,33.2,0.3,0.75,500,10.0,100.0,48.2,35.5,20.4,0,1.848032866696061,0.5769533049519299,250000
182,wheat straw,4.56,4.89,79.92,15.18,44.93,5.71,48.73,0.63,0.75,500,20.0,100.0,60.6,21.7,17.1,0,1.5143223232612282,0.8142285406303283,250000
184,Miscanthus sinensis,4.55,4.46,75.62,19.92,46.95,5.85,46.28,0.92,0.75,500,20.0,100.0,60.27,19.17,11.1,0,1.484700669405142,0.7400210649480821,250000
185,Willow,5.71,2.96,81.19,15.85,48.48,5.74,43.91,1.87,0.75,500,20.0,100.0,51.4,19.28,19.89,0,1.4108080078841216,0.6799659327924166,250000
186,Beech,4.24,0.96,85.89,13.15,53.04,5.42,41.63,0.0,0.38,500,20.0,100.0,67.8,12.6,13.3,0,1.2176273821494408,0.5892359340520622,250000
187,Garlic stalk,5.81,8.8,5.82,2.21,42.29,6.03,47.84,3.84,2.0,400,30.0,50.0,30.25,37.85,31.35,1,1.6990191027936359,0.8492583281134664,160000
188,Garlic stalk,5.81,8.8,5.82,2.21,42.29,6.03,47.84,3.84,2.0,450,30.0,50.0,26.38,38.67,35.5,1,1.6990191027936359,0.8492583281134664,202500
189,Garlic stalk,5.81,8.8,5.82,2.21,42.29,6.03,47.84,3.84,2.0,500,30.0,50.0,24.72,39.64,35.22,1,1.6990191027936359,0.8492583281134664,250000
190,Garlic stalk,5.81,8.8,5.82,2.21,42.29,6.03,47.84,3.84,2.0,550,30.0,50.0,26.24,37.85,36.05,1,1.6990191027936359,0.8492583281134664,302500
191,Garlic stalk,5.81,8.8,5.82,2.21,42.29,6.03,47.84,3.84,2.0,600,30.0,50.0,24.72,39.23,36.46,1,1.6990191027936359,0.8492583281134664,360000
192,Garlic stalk,5.81,8.8,5.82,2.21,42.29,6.03,47.84,3.84,0.8,500,30.0,50.0,31.93,35.89,32.34,1,1.6990191027936359,0.8492583281134664,250000
193,Garlic stalk,5.81,8.8,5.82,2.21,42.29,6.03,47.84,3.84,2.0,500,30.0,50.0,26.71,40.51,32.99,1,1.6990191027936359,0.8492583281134664,250000
194,Garlic stalk,5.81,8.8,5.82,2.21,42.29,6.03,47.84,3.84,4.0,500,30.0,50.0,25.31,40.74,33.23,1,1.6990191027936359,0.8492583281134664,250000
195,Pepper stalk,2.82,5.82,68.06,23.3,46.23,5.6,46.42,1.75,2.0,300,30.0,50.0,45.53,33.41,21.16,1,1.44338693008388,0.7538198533038858,90000
196,Pepper stalk,2.82,5.82,68.06,23.3,46.23,5.6,46.42,1.75,2.0,350,30.0,50.0,38.13,38.13,22.67,1,1.44338693008388,0.7538198533038858,122500
197,Pepper stalk,2.82,5.82,68.06,23.3,46.23,5.6,46.42,1.75,2.0,400,30.0,50.0,31.99,44.66,23.21,1,1.44338693008388,0.7538198533038858,160000
198,Pepper stalk,2.82,5.82,68.06,23.3,46.23,5.6,46.42,1.75,2.0,450,30.0,50.0,29.88,45.34,24.31,1,1.44338693008388,0.7538198533038858,202500
199,Pepper stalk,2.82,5.82,68.06,23.3,46.23,5.6,46.42,1.75,2.0,500,30.0,50.0,26.94,45.47,26.66,1,1.44338693008388,0.7538198533038858,250000
200,Pepper stalk,2.82,5.82,68.06,23.3,46.23,5.6,46.42,1.75,2.0,550,30.0,50.0,26.93,46.15,26.51,1,1.44338693008388,0.7538198533038858,302500
201,Pepper stalk,2.82,5.82,68.06,23.3,46.23,5.6,46.42,1.75,2.0,600,30.0,50.0,26.77,46.55,26.49,1,1.44338693008388,0.7538198533038858,360000
202,Pepper stalk,2.82,5.82,68.06,23.3,46.23,5.6,46.42,1.75,2.0,650,30.0,50.0,25.78,45.28,28.99,1,1.44338693008388,0.7538198533038858,422500
203,Pepper stalk,2.82,5.82,68.06,23.3,46.23,5.6,46.42,1.75,0.8,480,30.0,50.0,31.29,33.48,31.97,1,1.44338693008388,0.7538198533038858,230400
204,Pepper stalk,2.82,5.82,68.06,23.3,46.23,5.6,46.42,1.75,2.0,480,30.0,50.0,32.44,39.56,28.33,1,1.44338693008388,0.7538198533038858,230400
205,Pepper stalk,2.82,5.82,68.06,23.3,46.23,5.6,46.42,1.75,4.0,480,30.0,50.0,27.56,45.65,26.88,1,1.44338693008388,0.7538198533038858,230400
206,Pepper stalk,2.82,5.82,68.06,23.3,46.23,5.6,46.42,1.75,7.0,480,30.0,50.0,28.57,46.25,25.15,1,1.44338693008388,0.7538198533038858,230400
207,Palm shell,4.7,8.6,73.5,13.2,52.05,5.37,42.1,0.49,2.0,500,10.0,100.0,35.26,47.43,17.31,0,1.229340492200723,0.6072222693553314,250000
208,EFB,6.9,2.91,79.4,10.8,43.06,5.98,50.42,0.55,2.0,500,10.0,100.0,29.05,45.75,25.2,0,1.6548010712258272,0.879053170038176,250000
209,Mesocarp fiber,8.6,5.8,78.0,8.6,45.03,6.15,47.89,0.94,2.0,500,10.0,100.0,29.8,43.87,26.33,0,1.6273906020325073,0.7984159763927061,250000
210,safflower seed,5.7,2.2,80.8,11.3,60.46,9.08,27.36,3.1,1.2,400,5.0,0.0,23.1,46.86,30.05,1,1.7895191101029668,0.33973029698742535,160000
211,safflower seed,5.7,2.2,80.8,11.3,60.46,9.08,27.36,3.1,1.2,500,5.0,0.0,20.81,49.05,30.14,1,1.7895191101029668,0.33973029698742535,250000
212,safflower seed,5.7,2.2,80.8,11.3,60.46,9.08,27.36,3.1,1.2,550,5.0,0.0,20.29,49.19,30.52,1,1.7895191101029668,0.33973029698742535,302500
213,safflower seed,5.7,2.2,80.8,11.3,60.46,9.08,27.36,3.1,1.2,600,5.0,0.0,20.19,47.43,32.38,1,1.7895191101029668,0.33973029698742535,360000
214,safflower seed,5.7,2.2,80.8,11.3,60.46,9.08,27.36,3.1,1.2,700,5.0,0.0,20.0,39.86,40.14,1,1.7895191101029668,0.33973029698742535,490000
215,safflower seed,5.7,2.2,80.8,11.3,60.46,9.08,27.36,3.1,1.2,400,40.0,0.0,18.96,46.04,35.0,1,1.7895191101029668,0.33973029698742535,160000
216,safflower seed,5.7,2.2,80.8,11.3,60.46,9.08,27.36,3.1,1.2,500,40.0,0.0,18.63,45.85,35.52,1,1.7895191101029668,0.33973029698742535,250000
217,safflower seed,5.7,2.2,80.8,11.3,60.46,9.08,27.36,3.1,1.2,550,40.0,0.0,18.49,45.57,35.94,1,1.7895191101029668,0.33973029698742535,302500
218,safflower seed,5.7,2.2,80.8,11.3,60.46,9.08,27.36,3.1,1.2,600,40.0,0.0,18.11,45.33,36.56,1,1.7895191101029668,0.33973029698742535,360000
219,safflower seed,5.7,2.2,80.8,11.3,60.46,9.08,27.36,3.1,1.2,700,40.0,0.0,17.92,42.17,39.91,1,1.7895191101029668,0.33973029698742535,490000
220,safflower seed,5.7,2.2,80.8,11.3,60.46,9.08,27.36,3.1,1.2,400,80.0,0.0,16.58,47.04,36.38,1,1.7895191101029668,0.33973029698742535,160000
221,safflower seed,5.7,2.2,80.8,11.3,60.46,9.08,27.36,3.1,1.2,500,80.0,0.0,16.8,46.96,36.24,1,1.7895191101029668,0.33973029698742535,250000
222,safflower seed,5.7,2.2,80.8,11.3,60.46,9.08,27.36,3.1,1.2,550,80.0,0.0,16.81,46.26,36.93,1,1.7895191101029668,0.33973029698742535,302500
223,safflower seed,5.7,2.2,80.8,11.3,60.46,9.08,27.36,3.1,1.2,600,80.0,0.0,16.29,46.3,37.41,1,1.7895191101029668,0.33973029698742535,360000
224,safflower seed,5.7,2.2,80.8,11.3,60.46,9.08,27.36,3.1,1.2,700,80.0,0.0,16.2,43.54,40.26,1,1.7895191101029668,0.33973029698742535,490000
225,safflower seed,5.7,2.2,80.8,11.3,60.46,9.08,27.36,3.1,0.6,500,5.0,0.0,19.99,50.62,29.4,1,1.7895191101029668,0.33973029698742535,250000
226,safflower seed,5.7,2.2,80.8,11.3,60.46,9.08,27.36,3.1,1.0,500,5.0,0.0,20.24,48.99,30.77,1,1.7895191101029668,0.33973029698742535,250000
227,safflower seed,5.7,2.2,80.8,11.3,60.46,9.08,27.36,3.1,1.6,500,5.0,0.0,23.26,45.29,31.45,1,1.7895191101029668,0.33973029698742535,250000
228,safflower seed,5.7,2.2,80.8,11.3,60.46,9.08,27.36,3.1,2.0,500,5.0,0.0,24.94,43.4,31.66,1,1.7895191101029668,0.33973029698742535,250000
229,safflower seed,5.7,2.2,80.8,11.3,60.46,9.08,27.36,3.1,1.0,500,5.0,50.0,20.79,52.61,26.6,1,1.7895191101029668,0.33973029698742535,250000
230,safflower seed,5.7,2.2,80.8,11.3,60.46,9.08,27.36,3.1,1.0,500,5.0,100.0,20.21,54.97,24.82,1,1.7895191101029668,0.33973029698742535,250000
231,safflower seed,5.7,2.2,80.8,11.3,60.46,9.08,27.36,3.1,1.0,500,5.0,200.0,19.79,55.44,24.77,1,1.7895191101029668,0.33973029698742535,250000
232,safflower seed,5.7,2.2,80.8,11.3,60.46,9.08,27.36,3.1,1.0,500,5.0,400.0,19.79,53.97,26.24,1,1.7895191101029668,0.33973029698742535,250000
233,Baboon seeds ,12.5,7.3,69.1,11.0,54.1,6.12,34.53,5.23,0.2,400,25.0,100.0,20.66,47.5,31.79,1,1.3479469236862949,0.47916561097453053,160000
234,Baboon seeds ,12.5,7.3,69.1,11.0,54.1,6.12,34.53,5.23,0.2,500,25.0,100.0,17.53,45.32,37.15,1,1.3479469236862949,0.47916561097453053,250000
235,Baboon seeds ,12.5,7.3,69.1,11.0,54.1,6.12,34.53,5.23,0.2,600,25.0,100.0,14.94,39.8,43.26,1,1.3479469236862949,0.47916561097453053,360000
236,Baboon seeds ,12.5,7.3,69.1,11.0,54.1,6.12,34.53,5.23,0.2,700,25.0,100.0,11.82,39.15,49.04,1,1.3479469236862949,0.47916561097453053,490000
237,Baboon seeds ,12.5,7.3,69.1,11.0,54.1,6.12,34.53,5.23,0.3,500,25.0,100.0,18.17,45.1,36.75,1,1.3479469236862949,0.47916561097453053,250000
238,Baboon seeds ,12.5,7.3,69.1,11.0,54.1,6.12,34.53,5.23,0.5,500,25.0,100.0,24.07,42.05,33.88,1,1.3479469236862949,0.47916561097453053,250000
239,Baboon seeds ,12.5,7.3,69.1,11.0,54.1,6.12,34.53,5.23,0.7,500,25.0,100.0,24.65,42.29,33.08,1,1.3479469236862949,0.47916561097453053,250000
240,Baboon seeds ,12.5,7.3,69.1,11.0,54.1,6.12,34.53,5.23,0.9,500,25.0,100.0,25.83,45.26,28.92,1,1.3479469236862949,0.47916561097453053,250000
241,Baboon seeds ,12.5,7.3,69.1,11.0,54.1,6.12,34.53,5.23,0.2,500,25.0,100.0,19.94,44.04,36.01,1,1.3479469236862949,0.47916561097453053,250000
242,Baboon seeds ,12.5,7.3,69.1,11.0,54.1,6.12,34.53,5.23,0.2,500,25.0,200.0,17.81,39.95,42.26,1,1.3479469236862949,0.47916561097453053,250000
243,Baboon seeds ,12.5,7.3,69.1,11.0,54.1,6.12,34.53,5.23,0.2,500,25.0,300.0,18.78,37.99,43.23,1,1.3479469236862949,0.47916561097453053,250000
244,Baboon seeds ,12.5,7.3,69.1,11.0,54.1,6.12,34.53,5.23,0.2,500,25.0,400.0,22.18,29.97,47.83,1,1.3479469236862949,0.47916561097453053,250000
261,Southern bimorphic microalgae,0.08,17.33,51.45,31.13,52.6,6.21,31.92,8.75,0.2,300,10.0,100.0,36.1,49.2,14.71,1,1.4067745111352523,0.45557875884353033,90000
262,Southern bimorphic microalgae,0.08,17.33,51.45,31.13,52.6,6.21,31.92,8.75,0.2,400,10.0,100.0,28.56,53.02,18.42,1,1.4067745111352523,0.45557875884353033,160000
263,Southern bimorphic microalgae,0.08,17.33,51.45,31.13,52.6,6.21,31.92,8.75,0.2,500,10.0,100.0,25.59,55.25,19.16,1,1.4067745111352523,0.45557875884353033,250000
264,Southern bimorphic microalgae,0.08,17.33,51.45,31.13,52.6,6.21,31.92,8.75,0.2,600,10.0,100.0,21.88,53.64,24.48,1,1.4067745111352523,0.45557875884353033,360000
265,Palm trunk,7.16,5.27,82.6,4.97,42.72,5.61,51.24,0.44,1.5,500,10.0,2000.0,40.87,33.6,25.53,1,1.564769066568575,0.9004595441709489,250000
266,Thallus,13.84,0.24,82.7,3.22,42.76,5.99,50.88,0.39,1.5,500,10.0,2000.0,43.5,30.24,26.26,1,1.6691976350097257,0.8932967103708715,250000
267,Leaf,9.0,12.32,66.76,11.92,42.76,5.99,50.88,0.39,1.5,500,10.0,2000.0,16.58,36.75,46.67,1,1.6691976350097257,0.8932967103708715,250000
268,Leaf rib,8.01,4.26,75.94,11.79,43.76,6.3,49.57,0.38,1.5,500,10.0,2000.0,29.02,28.63,42.35,1,1.7154650365630713,0.8504091691973893,250000
269,pomegranate seeds,5.38,1.83,78.71,14.08,49.65,7.54,38.13,4.03,3.2,400,5.0,30.0,41.47,42.2,16.33,1,1.8095505842484692,0.5765458906136316,160000
270,pomegranate seeds,5.38,1.83,78.71,14.08,49.65,7.54,38.13,4.03,3.2,500,5.0,30.0,29.83,54.04,16.13,1,1.8095505842484692,0.5765458906136316,250000
271,pomegranate seeds,5.38,1.83,78.71,14.08,49.65,7.54,38.13,4.03,3.2,600,5.0,30.0,29.28,54.2,16.52,1,1.8095505842484692,0.5765458906136316,360000
272,pomegranate seeds,5.38,1.83,78.71,14.08,49.65,7.54,38.13,4.03,3.2,800,5.0,30.0,27.87,52.07,20.06,1,1.8095505842484692,0.5765458906136316,640000
312,rapeseed,4.9,5.5,81.7,7.9,62.1,9.1,24.9,3.9,0.65,400,30.0,0.0,24.62,41.08,26.44,1,1.7460972445875824,0.30101911562709377,160000
313,rapeseed,4.9,5.5,81.7,7.9,62.1,9.1,24.9,3.9,0.65,500,30.0,0.0,21.7,45.18,26.12,1,1.7460972445875824,0.30101911562709377,250000
314,rapeseed,4.9,5.5,81.7,7.9,62.1,9.1,24.9,3.9,0.65,550,30.0,0.0,19.38,46.67,25.96,1,1.7460972445875824,0.30101911562709377,302500
315,rapeseed,4.9,5.5,81.7,7.9,62.1,9.1,24.9,3.9,0.65,600,30.0,0.0,19.21,45.64,27.01,1,1.7460972445875824,0.30101911562709377,360000
316,rapeseed,4.9,5.5,81.7,7.9,62.1,9.1,24.9,3.9,0.65,700,30.0,0.0,18.29,44.36,30.59,1,1.7460972445875824,0.30101911562709377,490000
317,rapeseed,4.9,5.5,81.7,7.9,62.1,9.1,24.9,3.9,0.23,550,30.0,0.0,22.53,43.01,26.22,1,1.7460972445875824,0.30101911562709377,302500
318,rapeseed,4.9,5.5,81.7,7.9,62.1,9.1,24.9,3.9,0.53,550,30.0,0.0,21.05,44.67,25.98,1,1.7460972445875824,0.30101911562709377,302500
319,rapeseed,4.9,5.5,81.7,7.9,62.1,9.1,24.9,3.9,0.73,550,30.0,0.0,16.56,48.24,27.42,1,1.7460972445875824,0.30101911562709377,302500
320,rapeseed,4.9,5.5,81.7,7.9,62.1,9.1,24.9,3.9,1.03,550,30.0,0.0,15.53,49.23,29.3,1,1.7460972445875824,0.30101911562709377,302500
321,rapeseed,4.9,5.5,81.7,7.9,62.1,9.1,24.9,3.9,1.6,550,30.0,0.0,17.08,48.42,27.49,1,1.7460972445875824,0.30101911562709377,302500
322,rapeseed,4.9,5.5,81.7,7.9,62.1,9.1,24.9,3.9,2.0,550,30.0,0.0,20.98,46.28,26.47,1,1.7460972445875824,0.30101911562709377,302500
323,rapeseed,4.9,5.5,81.7,7.9,62.1,9.1,24.9,3.9,1.2,550,30.0,50.0,16.34,48.64,27.03,1,1.7460972445875824,0.30101911562709377,302500
324,rapeseed,4.9,5.5,81.7,7.9,62.1,9.1,24.9,3.9,1.2,550,30.0,100.0,15.54,51.41,25.9,1,1.7460972445875824,0.30101911562709377,302500
325,rapeseed,4.9,5.5,81.7,7.9,62.1,9.1,24.9,3.9,1.2,550,30.0,200.0,15.3,51.61,24.88,1,1.7460972445875824,0.30101911562709377,302500
326,rapeseed,4.9,5.5,81.7,7.9,62.1,9.1,24.9,3.9,1.2,550,30.0,400.0,15.58,49.22,27.5,1,1.7460972445875824,0.30101911562709377,302500
332,rapeseed,4.9,5.5,81.7,7.9,62.1,9.1,24.9,3.9,0.23,550,300.0,100.0,19.25,55.25,18.2,1,1.7460972445875824,0.30101911562709377,302500
333,rapeseed,4.9,5.5,81.7,7.9,62.1,9.1,24.9,3.9,0.53,550,300.0,100.0,18.78,58.26,16.17,1,1.7460972445875824,0.30101911562709377,302500
334,rapeseed,4.9,5.5,81.7,7.9,62.1,9.1,24.9,3.9,0.73,550,300.0,100.0,12.93,68.06,12.41,1,1.7460972445875824,0.30101911562709377,302500
335,rapeseed,4.9,5.5,81.7,7.9,62.1,9.1,24.9,3.9,1.03,550,300.0,100.0,13.16,67.77,12.98,1,1.7460972445875824,0.30101911562709377,302500
336,rapeseed,4.9,5.5,81.7,7.9,62.1,9.1,24.9,3.9,1.6,550,300.0,100.0,13.22,65.57,14.78,1,1.7460972445875824,0.30101911562709377,302500
337,rapeseed,4.9,5.5,81.7,7.9,62.1,9.1,24.9,3.9,2.0,550,300.0,100.0,16.06,64.58,14.67,1,1.7460972445875824,0.30101911562709377,302500
338,rapeseed,4.9,5.5,81.7,7.9,62.1,9.1,24.9,3.9,0.93,550,300.0,50.0,14.27,65.07,14.93,1,1.7460972445875824,0.30101911562709377,302500
339,rapeseed,4.9,5.5,81.7,7.9,62.1,9.1,24.9,3.9,0.93,550,300.0,100.0,13.12,68.19,12.96,1,1.7460972445875824,0.30101911562709377,302500
340,rapeseed,4.9,5.5,81.7,7.9,62.1,9.1,24.9,3.9,0.93,550,300.0,200.0,13.62,68.19,12.63,1,1.7460972445875824,0.30101911562709377,302500
341,rapeseed,4.9,5.5,81.7,7.9,62.1,9.1,24.9,3.9,0.93,550,300.0,400.0,14.44,65.89,14.11,1,1.7460972445875824,0.30101911562709377,302500
353,Corncob,7.36,1.49,79.58,11.57,49.32,5.35,44.7,0.63,0.5,500,40.0,200.0,23.4,47.7,38.62,1,1.2925559433695075,0.6804101503302593,250000
354,"OPMF,PF",4.75,1.4,66.84,27.01,45.38,10.59,42.04,1.32,0.18,550,10.0,100.0,33.35,48.69,19.22,1,2.7806741746941173,0.6954798381377459,302500
355,"OPMF,PF",4.75,1.4,66.84,27.01,45.38,10.59,42.04,1.32,0.18,550,10.0,200.0,34.45,46.26,16.9,1,2.7806741746941173,0.6954798381377459,302500
357,"OPMF,PF",4.83,5.87,70.33,18.97,41.0,6.74,51.24,0.67,0.18,550,10.0,100.0,25.35,49.52,24.98,1,1.9588206542779711,0.9382349201703154,302500
358,"OPMF,PF",4.83,5.87,70.33,18.97,41.0,6.74,51.24,0.67,0.18,550,10.0,200.0,26.55,45.98,28.22,1,1.9588206542779711,0.9382349201703154,302500
359,"OPMF,PF",4.83,5.87,70.33,18.97,41.0,6.74,51.24,0.67,0.18,550,10.0,300.0,25.82,45.77,29.16,1,1.9588206542779711,0.9382349201703154,302500
360,"OPMF,PF",4.75,1.4,66.84,27.01,45.38,10.59,42.04,1.32,0.18,400,10.0,200.0,40.81,40.81,17.87,1,2.7806741746941173,0.6954798381377459,160000
361,"OPMF,PF",4.75,1.4,66.84,27.01,45.38,10.59,42.04,1.32,0.18,450,10.0,200.0,38.16,47.21,15.0,1,2.7806741746941173,0.6954798381377459,202500
362,"OPMF,PF",4.75,1.4,66.84,27.01,45.38,10.59,42.04,1.32,0.18,500,10.0,200.0,33.53,47.65,17.43,1,2.7806741746941173,0.6954798381377459,250000
363,"OPMF,PF",4.75,1.4,66.84,27.01,45.38,10.59,42.04,1.32,175.0,550,10.0,200.0,34.41,50.51,15.44,1,2.7806741746941173,0.6954798381377459,302500
364,"OPMF,PF",4.75,1.4,66.84,27.01,45.38,10.59,42.04,1.32,0.18,600,10.0,200.0,33.09,48.09,18.53,1,2.7806741746941173,0.6954798381377459,360000
365,"OPMF,PF",4.83,5.87,70.33,18.97,41.0,6.74,51.24,0.67,0.18,400,10.0,200.0,31.55,42.27,25.16,1,1.9588206542779711,0.9382349201703154,160000
366,"OPMF,PF",4.83,5.87,70.33,18.97,41.0,6.74,51.24,0.67,0.18,450,10.0,200.0,28.92,45.41,25.41,1,1.9588206542779711,0.9382349201703154,202500
367,"OPMF,PF",4.83,5.87,70.33,18.97,41.0,6.74,51.24,0.67,0.18,500,10.0,200.0,27.11,45.46,26.91,1,1.9588206542779711,0.9382349201703154,250000
368,"OPMF,PF",4.83,5.87,70.33,18.97,41.0,6.74,51.24,0.67,0.18,550,10.0,200.0,26.55,45.93,28.4,1,1.9588206542779711,0.9382349201703154,302500
369,"OPMF,PF",4.83,5.87,70.33,18.97,41.0,6.74,51.24,0.67,0.18,600,10.0,200.0,23.51,47.01,29.28,1,1.9588206542779711,0.9382349201703154,360000
370,Apricot shell,8.3,0.95,75.0,15.75,47.33,6.37,45.93,0.37,0.43,400,10.0,0.0,35.22,20.56,37.5,1,1.603694215555086,0.728528036171498,160000
371,Apricot shell,8.3,0.95,75.0,15.75,47.33,6.37,45.93,0.37,0.43,450,10.0,0.0,32.12,21.1,39.11,1,1.603694215555086,0.728528036171498,202500
372,Apricot shell,8.3,0.95,75.0,15.75,47.33,6.37,45.93,0.37,0.43,500,10.0,0.0,30.11,22.18,40.32,1,1.603694215555086,0.728528036171498,250000
373,Apricot shell,8.3,0.95,75.0,15.75,47.33,6.37,45.93,0.37,0.43,550,10.0,0.0,29.03,21.1,42.74,1,1.603694215555086,0.728528036171498,302500
378,Apricot shell,5.53,1.16,77.62,15.69,52.48,7.58,35.3,4.54,0.43,300,10.0,100.0,40.48,46.82,12.71,1,1.721052086357917,0.5049718951565569,90000
379,Cherry seed,5.53,1.16,77.62,15.69,52.48,7.58,35.3,4.54,0.75,400,15.0,100.0,30.4,51.96,17.65,1,1.721052086357917,0.5049718951565569,160000
380,Cherry seed,5.53,1.16,77.62,15.69,52.48,7.58,35.3,4.54,0.75,500,15.0,100.0,26.52,52.75,20.76,0,1.721052086357917,0.5049718951565569,250000
381,Cherry seed,5.53,1.16,77.62,15.69,52.48,7.58,35.3,4.54,0.75,600,15.0,50.0,25.41,52.8,21.77,0,1.721052086357917,0.5049718951565569,360000
382,Cherry seed,5.53,1.16,77.62,15.69,52.48,7.58,35.3,4.54,0.75,400,15.0,100.0,31.41,48.76,19.81,0,1.721052086357917,0.5049718951565569,160000
383,Cherry seed,5.53,1.16,77.62,15.69,52.48,7.58,35.3,4.54,0.75,500,15.0,100.0,19.26,57.15,23.59,0,1.721052086357917,0.5049718951565569,250000
384,Cherry seed,5.53,1.16,77.62,15.69,52.48,7.58,35.3,4.54,0.75,600,15.0,50.0,15.16,47.33,37.51,0,1.721052086357917,0.5049718951565569,360000
385,Cherry seed,6.08,0.78,76.12,17.02,48.86,6.32,41.62,3.09,0.75,300,15.0,100.0,39.01,46.76,14.23,0,1.5412825110942177,0.639491743714948,90000
386,Cherry seed,6.08,0.78,76.12,17.02,48.86,6.32,41.62,3.09,0.75,400,15.0,100.0,31.43,51.83,16.74,0,1.5412825110942177,0.639491743714948,160000
387,Cherry seed,6.08,0.78,76.12,17.02,48.86,6.32,41.62,3.09,0.75,500,15.0,100.0,27.83,53.76,18.41,0,1.5412825110942177,0.639491743714948,250000
388,Cherry seed,6.08,0.78,76.12,17.02,48.86,6.32,41.62,3.09,0.75,600,15.0,50.0,27.14,52.78,20.08,0,1.5412825110942177,0.639491743714948,360000
389,Cherry seed,6.08,0.78,76.12,17.02,48.86,6.32,41.62,3.09,0.75,400,15.0,100.0,24.16,62.45,13.39,0,1.5412825110942177,0.639491743714948,160000
390,Cherry seed,6.08,0.78,76.12,17.02,48.86,6.32,41.62,3.09,0.75,500,15.0,100.0,15.54,60.82,23.64,0,1.5412825110942177,0.639491743714948,250000
391,Cherry seed,6.08,0.78,76.12,17.02,48.86,6.32,41.62,3.09,0.75,600,15.0,50.0,18.4,52.31,29.29,0,1.5412825110942177,0.639491743714948,360000
404,Glycyrrhiza glabra,3.67,3.04,74.8,14.3,45.13,6.24,48.03,0.6,10.0,350,15.0,100.0,29.89,26.53,43.59,1,1.647547297226003,0.7989757198291544,122500
405,Glycyrrhiza glabra,3.67,3.04,74.8,14.3,45.13,6.24,48.03,0.6,10.0,450,15.0,100.0,27.58,29.91,42.51,1,1.647547297226003,0.7989757198291544,202500
406,Glycyrrhiza glabra,3.67,3.04,74.8,14.3,45.13,6.24,48.03,0.6,10.0,550,15.0,100.0,26.54,31.53,41.93,1,1.647547297226003,0.7989757198291544,302500
407,Glycyrrhiza glabra,3.67,3.04,74.8,14.3,45.13,6.24,48.03,0.6,10.0,350,15.0,100.0,37.41,27.38,35.21,1,1.647547297226003,0.7989757198291544,122500
408,Glycyrrhiza glabra,3.67,3.04,74.8,14.3,45.13,6.24,48.03,0.6,10.0,450,15.0,100.0,33.14,28.05,38.81,1,1.647547297226003,0.7989757198291544,202500
409,Glycyrrhiza glabra,3.67,3.04,74.8,14.3,45.13,6.24,48.03,0.6,10.0,550,15.0,100.0,29.69,29.55,40.76,1,1.647547297226003,0.7989757198291544,302500
410,Glycyrrhiza glabra,3.67,3.04,74.8,14.3,45.13,6.24,48.03,0.6,10.0,350,15.0,100.0,35.77,26.68,37.55,1,1.647547297226003,0.7989757198291544,122500
411,Glycyrrhiza glabra,3.67,3.04,74.8,14.3,45.13,6.24,48.03,0.6,10.0,450,15.0,100.0,32.41,28.36,39.23,1,1.647547297226003,0.7989757198291544,202500
412,Glycyrrhiza glabra,3.67,3.04,74.8,14.3,45.13,6.24,48.03,0.6,10.0,550,15.0,100.0,30.51,33.66,35.83,1,1.647547297226003,0.7989757198291544,302500
413,Glycyrrhiza glabra,3.67,3.04,74.8,14.3,45.13,6.24,48.03,0.6,10.0,350,15.0,100.0,35.86,25.37,38.77,1,1.647547297226003,0.7989757198291544,122500
414,Glycyrrhiza glabra,3.67,3.04,74.8,14.3,45.13,6.24,48.03,0.6,10.0,450,15.0,100.0,32.46,26.08,41.46,1,1.647547297226003,0.7989757198291544,202500
415,Glycyrrhiza glabra,3.67,3.04,74.8,14.3,45.13,6.24,48.03,0.6,10.0,550,15.0,100.0,30.47,27.79,41.74,1,1.647547297226003,0.7989757198291544,302500
416,Glycyrrhiza glabra,3.67,3.04,74.8,14.3,45.13,6.24,48.03,0.6,10.0,350,15.0,100.0,33.35,26.65,40.0,1,1.647547297226003,0.7989757198291544,122500
417,Glycyrrhiza glabra,3.67,3.04,74.8,14.3,45.13,6.24,48.03,0.6,10.0,450,15.0,100.0,32.46,28.18,39.37,1,1.647547297226003,0.7989757198291544,202500
418,Glycyrrhiza glabra,3.67,3.04,74.8,14.3,45.13,6.24,48.03,0.6,10.0,550,15.0,100.0,28.14,29.4,42.46,1,1.647547297226003,0.7989757198291544,302500
419,Glycyrrhiza glabra,3.67,3.04,74.8,14.3,45.13,6.24,48.03,0.6,10.0,350,15.0,100.0,30.94,26.98,42.08,1,1.647547297226003,0.7989757198291544,122500
420,Glycyrrhiza glabra,3.67,3.04,74.8,14.3,45.13,6.24,48.03,0.6,10.0,450,15.0,100.0,28.63,27.2,44.17,1,1.647547297226003,0.7989757198291544,202500
421,Glycyrrhiza glabra,3.67,3.04,74.8,14.3,45.13,6.24,48.03,0.6,10.0,550,15.0,100.0,26.27,34.42,39.31,1,1.647547297226003,0.7989757198291544,302500
422,sesame seed,8.7,6.63,74.8,9.87,52.43,6.09,40.86,0.62,0.6,400,300.0,100.0,33.07,41.36,25.57,0,1.384063672197851,0.5850659629606595,160000
423,sesame seed,8.7,6.63,74.8,9.87,52.43,6.09,40.86,0.62,0.6,500,300.0,100.0,23.07,49.77,27.16,0,1.384063672197851,0.5850659629606595,250000
424,sesame seed,8.7,6.63,74.8,9.87,52.43,6.09,40.86,0.62,0.6,550,300.0,100.0,20.11,52.73,27.16,0,1.384063672197851,0.5850659629606595,302500
425,sesame seed,8.7,6.63,74.8,9.87,52.43,6.09,40.86,0.62,0.6,700,300.0,50.0,16.7,43.75,39.55,0,1.384063672197851,0.5850659629606595,490000
426,sesame seed,8.7,6.63,74.8,9.87,52.43,6.09,40.86,0.62,0.33,550,300.0,100.0,23.11,48.54,28.34,0,1.384063672197851,0.5850659629606595,302500
427,sesame seed,8.7,6.63,74.8,9.87,52.43,6.09,40.86,0.62,0.63,550,300.0,100.0,19.98,52.61,27.4,0,1.384063672197851,0.5850659629606595,302500
428,sesame seed,8.7,6.63,74.8,9.87,52.43,6.09,40.86,0.62,1.03,550,300.0,100.0,21.47,51.21,27.31,0,1.384063672197851,0.5850659629606595,302500
429,sesame seed,8.7,6.63,74.8,9.87,52.43,6.09,40.86,0.62,1.35,550,300.0,100.0,20.17,47.99,31.84,0,1.384063672197851,0.5850659629606595,302500
430,sesame seed,8.7,6.63,74.8,9.87,52.43,6.09,40.86,0.62,0.6,550,100.0,100.0,22.38,53.33,24.29,1,1.384063672197851,0.5850659629606595,302500
431,sesame seed,8.7,6.63,74.8,9.87,52.43,6.09,40.86,0.62,1.6,550,300.0,100.0,20.16,54.29,25.56,1,1.384063672197851,0.5850659629606595,302500
432,sesame seed,8.7,6.63,74.8,9.87,52.43,6.09,40.86,0.62,2.6,550,500.0,100.0,18.25,55.71,26.03,1,1.384063672197851,0.5850659629606595,302500
433,sesame seed,8.7,6.63,74.8,9.87,52.43,6.09,40.86,0.62,3.6,550,700.0,100.0,20.16,53.02,26.83,1,1.384063672197851,0.5850659629606595,302500
434,tobacco residues,7.74,11.16,67.67,13.43,51.65,6.2,40.1,2.05,150.0,400,7.0,50.0,49.02,35.04,15.94,1,1.4303423531400297,0.5828547972534827,160000
435,tobacco residues,8.74,12.16,68.67,14.43,52.65,7.2,41.1,3.05,150.0,500,7.0,50.0,36.28,37.99,25.73,1,1.6294939628272962,0.5860433940938973,250000
436,tobacco residues,9.74,13.16,69.67,15.43,53.65,8.2,42.1,4.05,150.0,550,7.0,50.0,34.05,39.11,26.83,1,1.8212214677731917,0.589113124323299,302500
437,tobacco residues,10.74,14.16,70.67,16.43,54.65,9.2,43.1,5.05,150.0,700,7.0,50.0,29.46,37.74,32.8,1,2.005932412611278,0.592070513098743,490000
438,tobacco residues,11.74,15.16,71.67,17.43,55.65,10.2,44.1,6.05,150.0,400,7.0,100.0,49.23,35.97,14.8,1,2.184005048560304,0.5949216165632993,160000
439,tobacco residues,12.74,16.16,72.67,18.43,56.65,11.2,45.1,7.05,150.0,500,7.0,100.0,35.56,39.38,25.06,1,2.355790918897715,0.5976720632418167,250000
440,tobacco residues,13.74,17.16,73.67,19.43,57.65,12.2,46.1,8.05,150.0,550,7.0,100.0,32.72,41.82,25.46,1,2.521617175346577,0.6003270911283647,302500
441,tobacco residues,14.74,18.16,74.67,20.43,58.65,13.2,47.1,9.05,150.0,700,7.0,100.0,29.07,39.32,31.61,1,2.681788657491982,0.6028915809795656,490000
442,tobacco residues,15.74,19.16,75.67,21.43,59.65,14.2,48.1,10.05,150.0,400,7.0,200.0,50.15,35.16,14.68,1,2.8365897630356978,0.6053700862590584,160000
443,tobacco residues,16.74,20.16,76.67,22.43,60.65,15.2,49.1,11.05,150.0,500,7.0,200.0,36.95,39.5,23.54,1,2.9862861330297434,0.6077668601196066,250000
444,tobacco residues,17.74,21.16,77.67,23.43,61.65,16.2,50.1,12.05,150.0,550,7.0,200.0,34.68,40.18,25.15,1,3.1311261730969755,0.6100858797592125,302500
445,tobacco residues,18.74,22.16,78.67,24.43,62.65,17.2,51.1,13.05,150.0,700,7.0,200.0,27.85,36.01,36.14,1,3.2713424289641364,0.6123308684446409,490000
446,tobacco residues,19.74,23.16,79.67,25.43,63.65,18.2,52.1,14.05,150.0,400,7.0,400.0,52.09,22.4,25.52,1,3.40715283232958,0.6145053154588854,160000
447,tobacco residues,20.74,24.16,80.67,26.43,64.65,19.2,53.1,15.05,150.0,500,7.0,400.0,46.16,24.31,29.53,1,3.5387618311052176,0.6166124941973605,250000
448,tobacco residues,21.74,25.16,81.67,27.43,65.65,20.2,54.1,16.05,150.0,550,7.0,400.0,42.02,26.62,31.36,1,3.6663614163614153,0.6186554786102159,302500
449,tobacco residues,22.74,26.16,82.67,28.43,66.65,21.2,55.1,17.05,150.0,700,7.0,400.0,34.12,23.81,42.08,1,3.790132056823729,0.6206371581644706,490000
464,Lampranthus spectabilis,5.6,4.6,74.8,14.3,39.27,6.54,52.91,1.28,0.2,350,10.0,100.0,39.7,31.69,28.52,1,1.9844286199328214,1.0114937155561017,122500
465,Lampranthus spectabilis,5.6,4.6,74.8,14.3,39.27,6.54,52.91,1.28,0.2,400,10.0,100.0,38.34,32.29,29.28,1,1.9844286199328214,1.0114937155561017,160000
466,Lampranthus spectabilis,5.6,4.6,74.8,14.3,39.27,6.54,52.91,1.28,0.2,450,10.0,100.0,37.69,32.53,29.83,1,1.9844286199328214,1.0114937155561017,202500
467,Lampranthus spectabilis,5.6,4.6,74.8,14.3,39.27,6.54,52.91,1.28,0.2,500,10.0,100.0,37.17,32.86,30.04,1,1.9844286199328214,1.0114937155561017,250000
468,Lampranthus spectabilis,5.6,4.6,74.8,14.3,39.27,6.54,52.91,1.28,0.2,550,10.0,100.0,36.58,31.59,31.9,1,1.9844286199328214,1.0114937155561017,302500
469,Lampranthus spectabilis,5.6,4.6,74.8,14.3,39.27,6.54,52.91,1.28,0.2,350,30.0,100.0,38.13,32.27,29.6,1,1.9844286199328214,1.0114937155561017,122500
470,Lampranthus spectabilis,5.6,4.6,74.8,14.3,39.27,6.54,52.91,1.28,0.2,400,30.0,100.0,37.58,32.94,29.53,1,1.9844286199328214,1.0114937155561017,160000
471,Lampranthus spectabilis,5.6,4.6,74.8,14.3,39.27,6.54,52.91,1.28,0.2,450,30.0,100.0,36.41,33.31,30.27,1,1.9844286199328214,1.0114937155561017,202500
472,Lampranthus spectabilis,5.6,4.6,74.8,14.3,39.27,6.54,52.91,1.28,0.2,500,30.0,100.0,35.89,33.8,30.34,1,1.9844286199328214,1.0114937155561017,250000
473,Lampranthus spectabilis,5.6,4.6,74.8,14.3,39.27,6.54,52.91,1.28,0.2,550,30.0,100.0,35.53,32.61,31.9,1,1.9844286199328214,1.0114937155561017,302500
474,Lampranthus spectabilis,5.6,4.6,74.8,14.3,39.27,6.54,52.91,1.28,0.2,350,50.0,100.0,37.63,33.37,29.0,1,1.9844286199328214,1.0114937155561017,122500
475,Lampranthus spectabilis,5.6,4.6,74.8,14.3,39.27,6.54,52.91,1.28,0.2,400,50.0,100.0,36.77,33.65,29.58,1,1.9844286199328214,1.0114937155561017,160000
476,Lampranthus spectabilis,5.6,4.6,74.8,14.3,39.27,6.54,52.91,1.28,0.2,450,50.0,100.0,36.12,33.86,30.04,1,1.9844286199328214,1.0114937155561017,202500
477,Lampranthus spectabilis,5.6,4.6,74.8,14.3,39.27,6.54,52.91,1.28,0.2,500,50.0,100.0,34.61,34.61,30.71,1,1.9844286199328214,1.0114937155561017,250000
478,Lampranthus spectabilis,5.6,4.6,74.8,14.3,39.27,6.54,52.91,1.28,0.2,550,50.0,100.0,33.88,32.92,33.15,1,1.9844286199328214,1.0114937155561017,302500
479,Lampranthus spectabilis,5.6,4.6,74.8,14.3,39.27,6.54,52.91,1.28,0.2,500,50.0,100.0,34.7,34.89,30.63,1,1.9844286199328214,1.0114937155561017,250000
480,Lampranthus spectabilis,5.6,4.6,74.8,14.3,39.27,6.54,52.91,1.28,0.26,500,50.0,100.0,35.47,33.67,31.12,1,1.9844286199328214,1.0114937155561017,250000
481,Lampranthus spectabilis,5.6,4.6,74.8,14.3,39.27,6.54,52.91,1.28,0.36,500,50.0,100.0,35.4,32.94,31.23,1,1.9844286199328214,1.0114937155561017,250000
482,Lampranthus spectabilis,5.6,4.6,74.8,14.3,39.27,6.54,52.91,1.28,0.63,500,50.0,100.0,36.36,32.86,31.06,1,1.9844286199328214,1.0114937155561017,250000
483,Lampranthus spectabilis,5.6,4.6,74.8,14.3,39.27,6.54,52.91,1.28,0.2,500,50.0,100.0,34.74,34.43,31.03,1,1.9844286199328214,1.0114937155561017,250000
484,Lampranthus spectabilis,5.6,4.6,74.8,14.3,39.27,6.54,52.91,1.28,0.2,500,50.0,150.0,32.73,35.21,31.34,1,1.9844286199328214,1.0114937155561017,250000
485,Lampranthus spectabilis,5.6,4.6,74.8,14.3,39.27,6.54,52.91,1.28,0.2,500,50.0,200.0,33.04,35.98,31.03,1,1.9844286199328214,1.0114937155561017,250000
486,Lampranthus spectabilis,5.6,4.6,74.8,14.3,39.27,6.54,52.91,1.28,0.2,500,50.0,250.0,32.42,33.2,34.28,1,1.9844286199328214,1.0114937155561017,250000
487,Lampranthus spectabilis,5.8,7.4,76.1,10.7,49.81,6.22,39.1,4.87,1.33,400,300.0,25.0,41.98,39.5,18.53,1,1.4879641845361575,0.5893137092399332,160000
488,Lampranthus spectabilis,5.8,7.4,76.1,10.7,49.81,6.22,39.1,4.87,1.33,500,300.0,25.0,34.95,48.79,16.25,1,1.4879641845361575,0.5893137092399332,250000
489,Lampranthus spectabilis,5.8,7.4,76.1,10.7,49.81,6.22,39.1,4.87,1.33,550,300.0,25.0,32.95,43.21,23.85,1,1.4879641845361575,0.5893137092399332,302500
490,Lampranthus spectabilis,5.8,7.4,76.1,10.7,49.81,6.22,39.1,4.87,1.33,700,300.0,25.0,29.47,51.19,19.34,1,1.4879641845361575,0.5893137092399332,490000
491,Lampranthus spectabilis,5.8,7.4,76.1,10.7,49.81,6.22,39.1,4.87,1.33,400,300.0,100.0,41.18,39.2,19.62,1,1.4879641845361575,0.5893137092399332,160000
492,Lampranthus spectabilis,5.8,7.4,76.1,10.7,49.81,6.22,39.1,4.87,1.33,500,300.0,100.0,33.19,55.38,11.43,1,1.4879641845361575,0.5893137092399332,250000
493,Lampranthus spectabilis,5.8,7.4,76.1,10.7,49.81,6.22,39.1,4.87,1.33,550,300.0,100.0,31.93,57.69,10.38,1,1.4879641845361575,0.5893137092399332,302500
494,Lampranthus spectabilis,5.8,7.4,76.1,10.7,49.81,6.22,39.1,4.87,1.33,700,300.0,100.0,26.26,41.3,32.44,1,1.4879641845361575,0.5893137092399332,490000
495,Avocado seed ,9.75,1.43,74.8,14.3,41.98,6.77,50.58,0.66,0.5,400,50.0,30.0,26.75,28.1,45.15,1,1.9216083149950467,0.9045294666314453,160000
496,Avocado seed ,9.75,1.43,74.8,14.3,41.98,6.77,50.58,0.66,0.5,500,50.0,30.0,24.8,29.55,45.65,1,1.9216083149950467,0.9045294666314453,250000
497,Avocado seed ,9.75,1.43,74.8,14.3,41.98,6.77,50.58,0.66,0.5,600,50.0,30.0,22.95,36.45,40.65,1,1.9216083149950467,0.9045294666314453,360000
498,Avocado seed ,9.75,1.43,74.8,14.3,41.98,6.77,50.58,0.66,0.5,400,50.0,30.0,29.05,35.54,35.55,1,1.9216083149950467,0.9045294666314453,160000
499,Avocado seed ,9.75,1.43,74.8,14.3,41.98,6.77,50.58,0.66,0.5,500,50.0,30.0,27.5,36.6,35.9,1,1.9216083149950467,0.9045294666314453,250000
500,Avocado seed ,9.75,1.43,74.8,14.3,41.98,6.77,50.58,0.66,0.5,600,50.0,30.0,26.25,37.5,36.0,1,1.9216083149950467,0.9045294666314453,360000
501,Avocado seed ,9.75,1.43,74.8,14.3,41.98,6.77,50.58,0.66,0.5,400,50.0,30.0,27.85,27.4,44.75,1,1.9216083149950467,0.9045294666314453,160000
502,Avocado seed ,9.75,1.43,74.8,14.3,41.98,6.77,50.58,0.66,0.5,500,50.0,30.0,26.25,32.05,41.7,1,1.9216083149950467,0.9045294666314453,250000
503,Avocado seed ,9.75,1.43,74.8,14.3,41.98,6.77,50.58,0.66,0.5,600,50.0,30.0,24.25,34.0,43.25,1,1.9216083149950467,0.9045294666314453,360000
531,paulownia wood ,5.38,1.83,78.71,14.08,49.65,7.54,38.13,4.03,3.2,400,15.0,100.0,41.47,42.2,16.33,0,1.8095505842484692,0.5765458906136316,160000
532,paulownia wood ,5.38,1.83,78.71,14.08,49.65,7.54,38.13,4.03,3.2,500,15.0,100.0,29.83,54.04,16.13,0,1.8095505842484692,0.5765458906136316,250000
533,paulownia wood ,5.38,1.83,78.71,14.08,49.65,7.54,38.13,4.03,3.2,600,15.0,50.0,29.28,54.2,16.52,0,1.8095505842484692,0.5765458906136316,360000
534,paulownia wood ,5.38,1.83,78.71,14.08,49.65,7.54,38.13,4.03,3.2,800,15.0,50.0,27.87,52.07,20.06,0,1.8095505842484692,0.5765458906136316,640000
535,spirulina,8.45,13.99,65.48,12.08,39.26,6.11,47.71,6.65,0.75,450,100.0,30.0,31.7,42.91,25.68,1,1.8544261799642596,0.9123163326847001,202500
536,spirulina,8.45,13.99,65.48,12.08,39.26,6.11,47.71,6.65,0.75,500,100.0,30.0,32.49,43.28,24.19,1,1.8544261799642596,0.9123163326847001,250000
537,spirulina,8.45,13.99,65.48,12.08,39.26,6.11,47.71,6.65,0.75,550,100.0,30.0,31.41,47.18,23.73,1,1.8544261799642596,0.9123163326847001,302500
538,spirulina,8.45,13.99,65.48,12.08,39.26,6.11,47.71,6.65,0.75,600,100.0,30.0,32.0,42.57,27.43,1,1.8544261799642596,0.9123163326847001,360000
539,spirulina,5.57,0.36,80.9,15.2,46.8,6.3,46.9,19.4,0.75,350,15.0,100.0,37.0,39.7,23.3,0,1.6040331196581197,0.7523385542793005,122500
540,spirulina,5.57,0.36,80.9,15.2,46.8,6.3,46.9,19.4,0.75,400,15.0,100.0,35.9,40.0,24.1,0,1.6040331196581197,0.7523385542793005,160000
541,spirulina,5.57,0.36,80.9,15.2,46.8,6.3,46.9,19.4,0.75,450,15.0,100.0,30.3,44.1,25.6,0,1.6040331196581197,0.7523385542793005,202500
542,spirulina,5.57,0.36,80.9,15.2,46.8,6.3,46.9,19.4,0.75,500,15.0,100.0,28.0,45.3,26.7,0,1.6040331196581197,0.7523385542793005,250000
543,spirulina,5.57,0.36,80.9,15.2,46.8,6.3,46.9,19.4,0.75,550,15.0,100.0,26.2,48.0,27.8,0,1.6040331196581197,0.7523385542793005,302500
544,spirulina,5.57,0.36,80.9,15.2,46.8,6.3,46.9,19.4,0.75,600,15.0,50.0,25.2,45.7,29.1,0,1.6040331196581197,0.7523385542793005,360000
545,spirulina,3.52,0.42,79.7,14.4,52.7,6.5,40.8,22.5,0.75,350,15.0,100.0,42.5,35.7,21.8,0,1.4696752356856722,0.5812137452139144,122500
546,spirulina,3.52,0.42,79.7,14.4,52.7,6.5,40.8,22.5,0.75,400,15.0,100.0,35.5,38.3,26.2,0,1.4696752356856722,0.5812137452139144,160000
547,spirulina,3.52,0.42,79.7,14.4,52.7,6.5,40.8,22.5,0.75,450,15.0,100.0,31.2,39.5,29.3,0,1.4696752356856722,0.5812137452139144,202500
548,spirulina,3.52,0.42,79.7,14.4,52.7,6.5,40.8,22.5,0.75,500,15.0,100.0,28.7,41.1,30.2,0,1.4696752356856722,0.5812137452139144,250000
549,spirulina,3.52,0.42,79.7,14.4,52.7,6.5,40.8,22.5,0.75,550,15.0,100.0,27.9,40.5,31.6,0,1.4696752356856722,0.5812137452139144,302500
550,spirulina,3.52,0.42,79.7,14.4,52.7,6.5,40.8,22.5,0.75,600,15.0,50.0,28.5,39.8,31.7,0,1.4696752356856722,0.5812137452139144,360000
551,rapeseed,4.0,5.5,82.6,7.9,52.25,8.06,35.78,3.91,0.53,350,7.0,100.0,31.03,39.11,29.86,0,1.838092579934685,0.514091436934904,122500
552,rapeseed,4.0,5.5,82.6,7.9,52.25,8.06,35.78,3.91,0.53,400,7.0,100.0,29.73,41.18,29.09,0,1.838092579934685,0.514091436934904,160000
553,rapeseed,4.0,5.5,82.6,7.9,52.25,8.06,35.78,3.91,0.53,450,7.0,100.0,24.39,41.76,33.85,0,1.838092579934685,0.514091436934904,202500
554,rapeseed,4.0,5.5,82.6,7.9,52.25,8.06,35.78,3.91,0.53,500,7.0,100.0,24.03,45.44,30.53,0,1.838092579934685,0.514091436934904,250000
555,rapeseed,4.0,5.5,82.6,7.9,52.25,8.06,35.78,3.91,0.53,550,7.0,100.0,24.21,44.14,31.65,0,1.838092579934685,0.514091436934904,302500
556,rapeseed,4.0,5.5,82.6,7.9,52.25,8.06,35.78,3.91,0.53,700,7.0,50.0,22.64,42.57,34.79,0,1.838092579934685,0.514091436934904,490000
557,rapeseed,4.0,5.5,82.6,7.9,52.25,8.06,35.78,3.91,0.53,350,40.0,100.0,28.07,31.71,40.22,0,1.838092579934685,0.514091436934904,122500
558,rapeseed,4.0,5.5,82.6,7.9,52.25,8.06,35.78,3.91,0.53,400,40.0,100.0,24.61,36.2,39.19,0,1.838092579934685,0.514091436934904,160000
559,rapeseed,4.0,5.5,82.6,7.9,52.25,8.06,35.78,3.91,0.53,450,40.0,100.0,20.89,36.64,42.47,0,1.838092579934685,0.514091436934904,202500
560,rapeseed,4.0,5.5,82.6,7.9,52.25,8.06,35.78,3.91,0.53,500,40.0,100.0,21.07,39.25,39.69,0,1.838092579934685,0.514091436934904,250000
561,rapeseed,4.0,5.5,82.6,7.9,52.25,8.06,35.78,3.91,0.53,550,40.0,100.0,20.84,37.54,41.62,0,1.838092579934685,0.514091436934904,302500
562,rapeseed,4.0,5.5,82.6,7.9,52.25,8.06,35.78,3.91,0.53,700,40.0,50.0,20.08,35.57,44.35,0,1.838092579934685,0.514091436934904,490000
563,sunflower bagasse,5.0,6.9,73.8,14.3,49.6,7.4,38.6,4.4,1.13,300,7.0,0.0,32.1,51.3,16.6,1,1.7777417754736304,0.5842409001369037,90000
564,sunflower bagasse,5.0,6.9,73.8,14.3,49.6,7.4,38.6,4.4,1.13,400,7.0,0.0,29.2,53.2,17.6,1,1.7777417754736304,0.5842409001369037,160000
565,sunflower bagasse,5.0,6.9,73.8,14.3,49.6,7.4,38.6,4.4,1.13,450,7.0,0.0,28.4,54.4,17.2,1,1.7777417754736304,0.5842409001369037,202500
566,sunflower bagasse,5.0,6.9,73.8,14.3,49.6,7.4,38.6,4.4,1.13,520,7.0,0.0,28.0,53.4,18.6,1,1.7777417754736304,0.5842409001369037,270400
567,sunflower bagasse,5.0,6.9,73.8,14.3,49.6,7.4,38.6,4.4,1.13,700,7.0,0.0,26.5,53.3,20.2,1,1.7777417754736304,0.5842409001369037,490000
568,sunflower bagasse,5.0,6.9,73.8,14.3,49.6,7.4,38.6,4.4,1.13,900,7.0,0.0,26.0,52.9,21.1,1,1.7777417754736304,0.5842409001369037,810000
569,sunflower bagasse,5.0,6.9,73.8,14.3,49.6,7.4,38.6,4.4,1.13,300,30.0,0.0,26.4,49.1,24.5,1,1.7777417754736304,0.5842409001369037,90000
570,sunflower bagasse,5.0,6.9,73.8,14.3,49.6,7.4,38.6,4.4,1.13,400,30.0,0.0,26.2,49.4,24.4,1,1.7777417754736304,0.5842409001369037,160000
571,sunflower bagasse,5.0,6.9,73.8,14.3,49.6,7.4,38.6,4.4,1.13,450,30.0,0.0,26.2,49.2,24.6,1,1.7777417754736304,0.5842409001369037,202500
572,sunflower bagasse,5.0,6.9,73.8,14.3,49.6,7.4,38.6,4.4,1.13,520,30.0,0.0,25.8,50.8,23.4,1,1.7777417754736304,0.5842409001369037,270400
573,sunflower bagasse,5.0,6.9,73.8,14.3,49.6,7.4,38.6,4.4,1.13,700,30.0,0.0,25.4,51.6,23.0,1,1.7777417754736304,0.5842409001369037,490000
574,sunflower bagasse,5.0,6.9,73.8,14.3,49.6,7.4,38.6,4.4,1.13,900,30.0,0.0,24.9,51.6,23.5,1,1.7777417754736304,0.5842409001369037,810000
575,sunflower bagasse,5.0,6.9,73.8,14.3,49.6,7.4,38.6,4.4,1.13,450,30.0,50.0,28.8,56.9,14.3,1,1.7777417754736304,0.5842409001369037,202500
576,sunflower bagasse,5.0,6.9,73.8,14.3,49.6,7.4,38.6,4.4,1.13,450,30.0,100.0,29.0,59.3,11.7,1,1.7777417754736304,0.5842409001369037,202500
577,sunflower bagasse,5.0,6.9,73.8,14.3,49.6,7.4,38.6,4.4,1.13,450,30.0,200.0,29.4,57.7,12.9,1,1.7777417754736304,0.5842409001369037,202500
578,sunflower bagasse,5.0,6.9,73.8,14.3,49.6,7.4,38.6,4.4,1.13,450,30.0,400.0,29.0,57.2,13.8,1,1.7777417754736304,0.5842409001369037,202500
579,sunflower bagasse,5.0,6.9,73.8,14.3,49.6,7.4,38.6,4.4,1.13,450,30.0,600.0,29.4,58.3,12.3,1,1.7777417754736304,0.5842409001369037,202500
580,The sugar beet bagasse,9.84,3.68,74.45,12.03,42.67,6.08,49.3,1.95,0.5,350,10.0,0.0,33.84,28.95,37.22,1,1.6978509863440727,0.8673823986509115,122500
581,The sugar beet bagasse,9.84,3.68,74.45,12.03,42.67,6.08,49.3,1.95,0.5,400,10.0,0.0,31.39,30.33,38.28,1,1.6978509863440727,0.8673823986509115,160000
582,The sugar beet bagasse,9.84,3.68,74.45,12.03,42.67,6.08,49.3,1.95,0.5,450,10.0,0.0,29.07,31.33,39.6,1,1.6978509863440727,0.8673823986509115,202500
583,The sugar beet bagasse,9.84,3.68,74.45,12.03,42.67,6.08,49.3,1.95,0.5,500,10.0,0.0,27.27,33.37,39.36,1,1.6978509863440727,0.8673823986509115,250000
584,The sugar beet bagasse,9.84,3.68,74.45,12.03,42.67,6.08,49.3,1.95,0.5,550,10.0,0.0,26.51,31.63,41.86,1,1.6978509863440727,0.8673823986509115,302500
585,The sugar beet bagasse,9.84,3.68,74.45,12.03,42.67,6.08,49.3,1.95,0.5,350,30.0,0.0,31.36,31.03,37.61,1,1.6978509863440727,0.8673823986509115,122500
586,The sugar beet bagasse,9.84,3.68,74.45,12.03,42.67,6.08,49.3,1.95,0.5,400,30.0,0.0,28.27,32.93,38.8,1,1.6978509863440727,0.8673823986509115,160000
587,The sugar beet bagasse,9.84,3.68,74.45,12.03,42.67,6.08,49.3,1.95,0.5,450,30.0,0.0,27.38,33.67,38.95,1,1.6978509863440727,0.8673823986509115,202500
588,The sugar beet bagasse,9.84,3.68,74.45,12.03,42.67,6.08,49.3,1.95,0.5,500,30.0,0.0,25.32,34.41,40.27,1,1.6978509863440727,0.8673823986509115,250000
589,The sugar beet bagasse,9.84,3.68,74.45,12.03,42.67,6.08,49.3,1.95,0.5,550,30.0,0.0,24.95,33.33,41.73,1,1.6978509863440727,0.8673823986509115,302500
590,The sugar beet bagasse,9.84,3.68,74.45,12.03,42.67,6.08,49.3,1.95,1.5,500,30.0,100.0,34.92,38.36,26.72,1,1.6978509863440727,0.8673823986509115,250000
591,The sugar beet bagasse,9.84,3.68,74.45,12.03,42.67,6.08,49.3,1.95,2.5,500,30.0,150.0,37.44,36.47,26.09,1,1.6978509863440727,0.8673823986509115,250000
592,The sugar beet bagasse,9.84,3.68,74.45,12.03,42.67,6.08,49.3,1.95,3.5,500,30.0,200.0,39.83,35.59,24.58,1,1.6978509863440727,0.8673823986509115,250000
593,sunflower,5.8,7.4,76.1,10.7,49.81,6.22,39.1,4.87,0.33,400,15.0,25.0,41.18,38.43,20.39,1,1.4879641845361575,0.5893137092399332,160000
594,sunflower,5.8,7.4,76.1,10.7,49.81,6.22,39.1,4.87,0.33,500,15.0,25.0,33.64,58.44,7.92,1,1.4879641845361575,0.5893137092399332,250000
595,sunflower,5.8,7.4,76.1,10.7,49.81,6.22,39.1,4.87,0.33,550,15.0,25.0,31.8,58.25,9.95,1,1.4879641845361575,0.5893137092399332,302500
596,sunflower,5.8,7.4,76.1,10.7,49.81,6.22,39.1,4.87,0.33,700,15.0,25.0,26.46,39.57,33.97,1,1.4879641845361575,0.5893137092399332,490000
597,sunflower,5.8,7.4,76.1,10.7,49.81,6.22,39.1,4.87,0.33,400,15.0,50.0,39.49,39.75,20.76,1,1.4879641845361575,0.5893137092399332,160000
598,sunflower,5.8,7.4,76.1,10.7,49.81,6.22,39.1,4.87,0.33,500,15.0,50.0,30.62,59.95,9.43,1,1.4879641845361575,0.5893137092399332,250000
599,sunflower,5.8,7.4,76.1,10.7,49.81,6.22,39.1,4.87,0.33,550,15.0,50.0,27.41,62.41,10.18,1,1.4879641845361575,0.5893137092399332,302500
600,sunflower,5.8,7.4,76.1,10.7,49.81,6.22,39.1,4.87,0.33,700,15.0,50.0,24.76,41.83,33.41,1,1.4879641845361575,0.5893137092399332,490000
601,sunflower,5.8,7.4,76.1,10.7,49.81,6.22,39.1,4.87,0.33,400,15.0,100.0,39.49,40.13,20.38,1,1.4879641845361575,0.5893137092399332,160000
602,sunflower,5.8,7.4,76.1,10.7,49.81,6.22,39.1,4.87,0.33,500,15.0,100.0,30.24,60.14,9.62,1,1.4879641845361575,0.5893137092399332,250000
603,sunflower,5.8,7.4,76.1,10.7,49.81,6.22,39.1,4.87,0.33,550,15.0,100.0,28.16,61.84,10.0,1,1.4879641845361575,0.5893137092399332,302500
604,sunflower,5.8,7.4,76.1,10.7,49.81,6.22,39.1,4.87,0.33,700,15.0,100.0,21.56,41.82,36.62,1,1.4879641845361575,0.5893137092399332,490000
605,sunflower,5.8,7.4,76.1,10.7,49.81,6.22,39.1,4.87,0.33,400,15.0,200.0,37.98,39.56,22.46,1,1.4879641845361575,0.5893137092399332,160000
606,sunflower,5.8,7.4,76.1,10.7,49.81,6.22,39.1,4.87,0.33,500,15.0,200.0,29.11,58.81,12.08,1,1.4879641845361575,0.5893137092399332,250000
607,sunflower,5.8,7.4,76.1,10.7,49.81,6.22,39.1,4.87,0.33,550,15.0,200.0,26.84,59.0,14.16,1,1.4879641845361575,0.5893137092399332,302500
608,sunflower,5.8,7.4,76.1,10.7,49.81,6.22,39.1,4.87,0.33,700,15.0,200.0,21.56,42.58,35.86,1,1.4879641845361575,0.5893137092399332,490000
609,sunflower,5.8,7.4,76.1,10.7,49.81,6.22,39.1,4.87,0.33,400,15.0,400.0,37.41,38.81,23.78,1,1.4879641845361575,0.5893137092399332,160000
610,sunflower,5.8,7.4,76.1,10.7,49.81,6.22,39.1,4.87,0.33,500,15.0,400.0,47.0,38.85,14.15,1,1.4879641845361575,0.5893137092399332,250000
611,sunflower,5.8,7.4,76.1,10.7,49.81,6.22,39.1,4.87,0.33,550,15.0,400.0,26.28,58.43,15.29,1,1.4879641845361575,0.5893137092399332,302500
612,sunflower,5.8,7.4,76.1,10.7,49.81,6.22,39.1,4.87,0.33,700,15.0,400.0,20.99,43.14,35.87,1,1.4879641845361575,0.5893137092399332,490000
631,Jute dust,5.34,9.65,72.11,12.9,43.71,6.18,48.75,1.38,0.75,400,10.0,0.0,40.48,43.84,15.67,1,1.6847144600233137,0.837298170188485,160000
632,Jute dust,5.34,9.65,72.11,12.9,43.71,6.18,48.75,1.38,0.75,500,10.0,0.0,33.45,49.1,17.45,1,1.6847144600233137,0.837298170188485,250000
633,Jute dust,5.34,9.65,72.11,12.9,43.71,6.18,48.75,1.38,0.75,600,10.0,0.0,30.42,47.71,21.87,1,1.6847144600233137,0.837298170188485,360000
634,Jute dust,5.34,9.65,72.11,12.9,43.71,6.18,48.75,1.38,0.75,700,10.0,0.0,25.34,45.88,28.78,1,1.6847144600233137,0.837298170188485,490000
635,Jute dust,5.34,9.65,72.11,12.9,43.71,6.18,48.75,1.38,0.75,400,40.0,0.0,35.33,48.24,16.43,1,1.6847144600233137,0.837298170188485,160000
636,Jute dust,5.34,9.65,72.11,12.9,43.71,6.18,48.75,1.38,0.75,500,40.0,0.0,31.42,48.24,20.43,1,1.6847144600233137,0.837298170188485,250000
637,Jute dust,5.34,9.65,72.11,12.9,43.71,6.18,48.75,1.38,0.75,600,40.0,0.0,28.78,47.44,23.78,1,1.6847144600233137,0.837298170188485,360000
638,Jute dust,5.34,9.65,72.11,12.9,43.71,6.18,48.75,1.38,0.75,700,40.0,0.0,24.32,46.64,29.04,1,1.6847144600233137,0.837298170188485,490000
639,Jute dust,5.34,9.65,72.11,12.9,43.71,6.18,48.75,1.38,0.75,500,40.0,50.0,34.27,48.85,16.88,1,1.6847144600233137,0.837298170188485,250000
640,Jute dust,5.34,9.65,72.11,12.9,43.71,6.18,48.75,1.38,0.75,500,40.0,100.0,33.59,48.29,18.12,1,1.6847144600233137,0.837298170188485,250000
641,Jute dust,5.34,9.65,72.11,12.9,43.71,6.18,48.75,1.38,0.75,500,40.0,150.0,31.42,48.24,20.34,1,1.6847144600233137,0.837298170188485,250000
642,Jute dust,5.34,9.65,72.11,12.9,43.71,6.18,48.75,1.38,0.75,500,40.0,200.0,30.69,38.47,30.8,1,1.6847144600233137,0.837298170188485,250000
643,Jute dust,5.34,9.65,72.11,12.9,43.71,6.18,48.75,1.38,0.75,500,40.0,250.0,28.73,37.6,33.67,1,1.6847144600233137,0.837298170188485,250000
644,straw and stalk,0.0,5.87,75.55,18.58,45.17,5.15,42.92,0.75,0.75,350,10.0,100.0,46.48,25.59,27.84,0,1.3585504584093249,0.713338971553776,122500
645,straw and stalk,0.0,5.87,75.55,18.58,45.17,5.15,42.92,0.75,0.75,450,10.0,100.0,36.34,30.38,33.37,0,1.3585504584093249,0.713338971553776,202500
646,straw and stalk,0.0,5.87,75.55,18.58,45.17,5.15,42.92,0.75,0.75,550,10.0,100.0,33.93,37.74,28.67,0,1.3585504584093249,0.713338971553776,302500
647,straw and stalk,0.0,5.87,75.55,18.58,45.17,5.15,42.92,0.75,0.75,650,10.0,50.0,30.58,37.74,31.81,0,1.3585504584093249,0.713338971553776,422500
648,straw and stalk,0.0,5.87,75.55,18.58,45.17,5.15,42.92,0.75,0.75,350,30.0,100.0,44.01,23.17,32.77,0,1.3585504584093249,0.713338971553776,122500
649,straw and stalk,0.0,5.87,75.55,18.58,45.17,5.15,42.92,0.75,0.75,450,30.0,100.0,35.83,29.75,34.44,0,1.3585504584093249,0.713338971553776,202500
650,straw and stalk,0.0,5.87,75.55,18.58,45.17,5.15,42.92,0.75,0.75,550,30.0,100.0,33.21,37.02,29.9,0,1.3585504584093249,0.713338971553776,302500
651,straw and stalk,0.0,5.87,75.55,18.58,45.17,5.15,42.92,0.75,0.75,650,30.0,50.0,29.76,36.02,34.4,0,1.3585504584093249,0.713338971553776,422500
652,corncob,6.4,1.2,76.7,15.7,52.7,6.4,40.6,0.3,0.65,300,7.0,0.0,30.3,40.15,30.12,1,1.4470648474443542,0.5783646582275719,90000
653,corncob,6.4,1.2,76.7,15.7,52.7,6.4,40.6,0.3,0.65,400,7.0,0.0,30.99,39.55,29.91,1,1.4470648474443542,0.5783646582275719,160000
654,corncob,6.4,1.2,76.7,15.7,52.7,6.4,40.6,0.3,0.65,500,7.0,0.0,27.37,41.46,31.49,1,1.4470648474443542,0.5783646582275719,250000
655,corncob,6.4,1.2,76.7,15.7,52.7,6.4,40.6,0.3,0.65,600,7.0,0.0,26.98,41.04,30.21,1,1.4470648474443542,0.5783646582275719,360000
656,corncob,6.4,1.2,76.7,15.7,52.7,6.4,40.6,0.3,0.65,700,7.0,0.0,26.05,36.32,35.74,1,1.4470648474443542,0.5783646582275719,490000
657,corncob,6.4,1.2,76.7,15.7,52.7,6.4,40.6,0.3,0.65,800,7.0,0.0,24.77,36.62,37.68,1,1.4470648474443542,0.5783646582275719,640000
658,Teak sawdust,3.87,3.53,78.17,14.43,49.17,5.93,43.87,1.03,0.18,400,10.0,150.0,37.17,42.52,20.63,1,1.43705410609773,0.6698132813695403,160000
659,Teak sawdust,3.87,3.53,78.17,14.43,49.17,5.93,43.87,1.03,0.18,500,10.0,150.0,34.33,44.88,22.2,1,1.43705410609773,0.6698132813695403,250000
660,Teak sawdust,3.87,3.53,78.17,14.43,49.17,5.93,43.87,1.03,0.18,600,10.0,150.0,28.19,49.29,23.94,1,1.43705410609773,0.6698132813695403,360000
661,Teak sawdust,3.87,3.53,78.17,14.43,49.17,5.93,43.87,1.03,0.18,700,10.0,150.0,26.93,47.72,26.93,1,1.43705410609773,0.6698132813695403,490000
662,Teak sawdust,3.87,3.53,78.17,14.43,49.17,5.93,43.87,1.03,0.18,600,10.0,150.0,27.44,48.77,23.6,1,1.43705410609773,0.6698132813695403,360000
663,Teak sawdust,3.87,3.53,78.17,14.43,49.17,5.93,43.87,1.03,0.18,600,10.0,200.0,25.66,47.49,26.32,1,1.43705410609773,0.6698132813695403,360000
664,Teak sawdust,3.87,3.53,78.17,14.43,49.17,5.93,43.87,1.03,0.18,600,10.0,250.0,23.71,45.37,29.55,1,1.43705410609773,0.6698132813695403,360000
665,Teak sawdust,3.87,3.53,78.17,14.43,49.17,5.93,43.87,1.03,0.5,600,10.0,150.0,30.54,47.79,23.04,1,1.43705410609773,0.6698132813695403,360000
666,Teak sawdust,3.87,3.53,78.17,14.43,49.17,5.93,43.87,1.03,0.25,600,10.0,150.0,28.41,48.47,22.78,1,1.43705410609773,0.6698132813695403,360000
667,Teak sawdust,3.87,3.53,78.17,14.43,49.17,5.93,43.87,1.03,0.18,600,10.0,150.0,27.59,48.78,24.03,1,1.43705410609773,0.6698132813695403,360000
671,Beech,8.7,0.8,84.3,15.2,49.1,5.7,44.5,0.15,0.38,450,10.0,50.0,40.6,47.5,6.1,1,1.3832860537290272,0.6804008499003692,202500
672,Beech,8.7,0.8,84.3,15.2,49.1,5.7,44.5,0.15,0.38,500,10.0,50.0,13.6,62.4,15.0,1,1.3832860537290272,0.6804008499003692,250000
674,Beech,8.7,0.8,84.3,15.2,49.1,5.7,44.5,0.15,0.38,600,10.0,50.0,8.2,40.1,51.5,1,1.3832860537290272,0.6804008499003692,360000
677,"RS,RH",4.1,9.8,74.3,16.0,54.3,5.7,38.4,1.6,0.34,375,10.0,7000.0,38.42,52.38,8.94,1,1.2508166710514779,0.5309061098086586,140625
678,"RS,RH",4.1,9.8,74.3,16.0,54.3,5.7,38.4,1.6,0.34,400,10.0,7000.0,37.36,54.09,8.05,1,1.2508166710514779,0.5309061098086586,160000
679,"RS,RH",4.1,9.8,74.3,16.0,54.3,5.7,38.4,1.6,0.34,425,10.0,7000.0,33.89,55.62,10.27,1,1.2508166710514779,0.5309061098086586,180625
680,"RS,RH",4.1,9.8,74.3,16.0,54.3,5.7,38.4,1.6,0.34,450,10.0,7000.0,31.11,57.31,11.11,1,1.2508166710514779,0.5309061098086586,202500
681,"RS,RH",4.1,9.8,74.3,16.0,54.3,5.7,38.4,1.6,0.34,500,10.0,7000.0,28.13,55.2,16.41,1,1.2508166710514779,0.5309061098086586,250000
682,"RS,RH",1.3,13.9,69.3,16.8,50.4,6.0,42.6,0.9,0.34,375,10.0,7000.0,34.11,52.21,13.42,1,1.4185326908541196,0.6345493319522947,140625
683,"RS,RH",1.3,13.9,69.3,16.8,50.4,6.0,42.6,0.9,0.34,400,10.0,7000.0,30.46,54.6,15.29,1,1.4185326908541196,0.6345493319522947,160000
684,"RS,RH",1.3,13.9,69.3,16.8,50.4,6.0,42.6,0.9,0.34,425,10.0,7000.0,27.17,50.79,21.48,1,1.4185326908541196,0.6345493319522947,180625
685,"RS,RH",1.3,13.9,69.3,16.8,50.4,6.0,42.6,0.9,0.34,450,10.0,7000.0,26.8,49.56,24.22,1,1.4185326908541196,0.6345493319522947,202500
686,"RS,RH",1.3,13.9,69.3,16.8,50.4,6.0,42.6,0.9,0.34,500,10.0,7000.0,24.34,47.44,27.96,1,1.4185326908541196,0.6345493319522947,250000
687,Jatropha curcas de oilseed cake,5.0,5.0,69.0,21.0,42.3,4.8,46.74,5.8,0.75,425,30.0,8000.0,38.6,45.0,16.4,1,1.352133288303501,0.8295349133079684,180625
688,Jatropha curcas de oilseed cake,5.0,5.0,69.0,21.0,42.3,4.8,46.74,5.8,0.75,450,30.0,8000.0,35.1,48.0,16.9,1,1.352133288303501,0.8295349133079684,202500
689,Jatropha curcas de oilseed cake,5.0,5.0,69.0,21.0,42.3,4.8,46.74,5.8,0.75,475,30.0,8000.0,33.2,46.6,20.2,1,1.352133288303501,0.8295349133079684,225625
690,Jatropha curcas de oilseed cake,5.0,5.0,69.0,21.0,42.3,4.8,46.74,5.8,0.75,500,30.0,8000.0,30.0,44.0,26.0,1,1.352133288303501,0.8295349133079684,250000
691,Jatropha curcas de oilseed cake,5.0,5.0,69.0,21.0,42.3,4.8,46.74,5.8,0.34,450,30.0,8000.0,34.6,44.3,21.1,1,1.352133288303501,0.8295349133079684,202500
692,Jatropha curcas de oilseed cake,5.0,5.0,69.0,21.0,42.3,4.8,46.74,5.8,0.75,450,30.0,8000.0,35.1,48.0,16.9,1,1.352133288303501,0.8295349133079684,202500
693,Jatropha curcas de oilseed cake,5.0,5.0,69.0,21.0,42.3,4.8,46.74,5.8,0.75,450,30.0,8000.0,38.4,46.2,15.4,1,1.352133288303501,0.8295349133079684,202500
694,Jatropha curcas de oilseed cake,5.0,5.0,69.0,21.0,42.3,4.8,46.74,5.8,0.75,450,30.0,6000.0,32.7,44.8,22.5,1,1.352133288303501,0.8295349133079684,202500
695,Jatropha curcas de oilseed cake,5.0,5.0,69.0,21.0,42.3,4.8,46.74,5.8,0.75,450,30.0,8000.0,35.1,48.0,16.9,1,1.352133288303501,0.8295349133079684,202500
696,Jatropha curcas de oilseed cake,5.0,5.0,69.0,21.0,42.3,4.8,46.74,5.8,0.75,450,30.0,10000.0,32.0,41.5,26.5,1,1.352133288303501,0.8295349133079684,202500
697,Tomato peel,4.67,4.87,78.12,12.34,55.0,7.9,34.0,2.8,0.75,450,20.0,100.0,44.0,14.0,42.0,0,1.7115241702741701,0.46409036928444386,202500
698,Tomato peel,4.67,4.87,78.12,12.34,55.0,7.9,34.0,2.8,0.75,500,20.0,100.0,39.0,17.5,43.5,0,1.7115241702741701,0.46409036928444386,250000
699,Tomato peel,4.67,4.87,78.12,12.34,55.0,7.9,34.0,2.8,0.75,550,20.0,100.0,26.4,32.0,33.6,0,1.7115241702741701,0.46409036928444386,302500
700,Tomato peel,4.67,4.87,78.12,12.34,55.0,7.9,34.0,2.8,0.75,600,20.0,50.0,27.85,40.0,32.15,0,1.7115241702741701,0.46409036928444386,360000
701,Tomato peel,4.67,4.87,78.12,12.34,55.0,7.9,34.0,2.8,0.75,650,20.0,50.0,26.0,36.0,38.0,0,1.7115241702741701,0.46409036928444386,422500
702,Walnut shell,7.5,1.65,71.52,19.33,46.65,5.8,47.54,1.65,0.85,300,15.0,200.0,41.98,34.42,22.42,1,1.481477228261794,0.7650571140331853,90000
703,Walnut shell,7.5,1.65,71.52,19.33,46.65,5.8,47.54,1.65,0.85,400,15.0,200.0,36.05,37.85,25.73,1,1.481477228261794,0.7650571140331853,160000
704,Walnut shell,7.5,1.65,71.52,19.33,46.65,5.8,47.54,1.65,0.85,500,15.0,200.0,31.68,41.88,26.28,1,1.481477228261794,0.7650571140331853,250000
705,Walnut shell,7.5,1.65,71.52,19.33,46.65,5.8,47.54,1.65,0.85,600,15.0,200.0,30.55,40.03,30.19,1,1.481477228261794,0.7650571140331853,360000
706,Walnut shell,7.5,1.65,71.52,19.33,46.65,5.8,47.54,1.65,0.33,500,15.0,200.0,28.84,42.59,26.45,1,1.481477228261794,0.7650571140331853,250000
707,Walnut shell,7.5,1.65,71.52,19.33,46.65,5.8,47.54,1.65,0.51,500,15.0,200.0,30.4,43.78,26.1,1,1.481477228261794,0.7650571140331853,250000
708,Walnut shell,7.5,1.65,71.52,19.33,46.65,5.8,47.54,1.65,0.65,500,15.0,200.0,30.88,44.38,24.66,1,1.481477228261794,0.7650571140331853,250000
709,Walnut shell,7.5,1.65,71.52,19.33,46.65,5.8,47.54,1.65,0.85,500,15.0,200.0,31.35,45.82,23.23,1,1.481477228261794,0.7650571140331853,250000
710,MCA oil cake,6.5,6.5,74.9,18.9,47.28,6.52,43.33,2.55,1.0,350,20.0,8000.0,43.75,41.41,13.8,1,1.643193705852335,0.6880144343835363,122500
711,MCA oil cake,6.5,6.5,74.9,18.9,47.28,6.52,43.33,2.55,1.0,400,20.0,8000.0,39.37,43.85,15.68,1,1.643193705852335,0.6880144343835363,160000
712,MCA oil cake,6.5,6.5,74.9,18.9,47.28,6.52,43.33,2.55,1.0,450,20.0,8000.0,36.04,46.04,16.51,1,1.643193705852335,0.6880144343835363,202500
713,MCA oil cake,6.5,6.5,74.9,18.9,47.28,6.52,43.33,2.55,1.0,500,20.0,8000.0,35.05,43.02,20.21,1,1.643193705852335,0.6880144343835363,250000
714,MCA oil cake,6.5,6.5,74.9,18.9,47.28,6.52,43.33,2.55,1.0,550,20.0,8000.0,33.54,39.74,25.47,1,1.643193705852335,0.6880144343835363,302500
715,MCA oil cake,6.5,6.5,74.9,18.9,47.28,6.52,43.33,2.55,1.0,600,20.0,8000.0,32.81,35.42,31.77,1,1.643193705852335,0.6880144343835363,360000
716,MCA oil cake,6.5,6.5,74.9,18.9,47.28,6.52,43.33,2.55,0.33,450,20.0,8000.0,33.25,44.42,21.83,1,1.643193705852335,0.6880144343835363,202500
717,MCA oil cake,6.5,6.5,74.9,18.9,47.28,6.52,43.33,2.55,0.65,450,20.0,8000.0,33.82,46.32,19.35,1,1.643193705852335,0.6880144343835363,202500
718,MCA oil cake,6.5,6.5,74.9,18.9,47.28,6.52,43.33,2.55,1.0,450,20.0,8000.0,36.93,47.97,16.63,1,1.643193705852335,0.6880144343835363,202500
719,MCA oil cake,6.5,6.5,74.9,18.9,47.28,6.52,43.33,2.55,1.5,450,20.0,8000.0,36.23,47.33,17.45,1,1.643193705852335,0.6880144343835363,202500
720,MCA oil cake,6.5,6.5,74.9,18.9,47.28,6.52,43.33,2.55,2.0,450,20.0,8000.0,37.06,41.63,19.29,1,1.643193705852335,0.6880144343835363,202500
721,S. japonica,2.79,22.99,70.9,3.22,42.09,4.38,51.6,1.53,4.0,430,15.0,600.0,34.87,44.98,19.92,1,1.2399775424543775,0.9203586628298266,184900
722,S. japonica,2.79,22.99,70.9,3.22,42.09,4.38,51.6,1.53,4.0,450,15.0,600.0,32.48,48.96,18.85,1,1.2399775424543775,0.9203586628298266,202500
723,S. japonica,2.79,22.99,70.9,3.22,42.09,4.38,51.6,1.53,4.0,470,15.0,600.0,30.09,47.46,21.52,1,1.2399775424543775,0.9203586628298266,220900
724,S. japonica,2.79,22.99,70.9,3.22,42.09,4.38,51.6,1.53,4.0,530,15.0,600.0,25.57,48.21,27.11,1,1.2399775424543775,0.9203586628298266,280900
725,DOC,10.53,6.51,70.56,12.4,54.2,6.1,34.5,5.2,0.35,400,20.0,100.0,20.61,33.41,45.49,0,1.341063008844374,0.4778660059242632,160000
726,DOC,12.56,5.3,71.1,11.04,57.25,5.83,32.72,4.2,0.35,400,20.0,100.0,18.05,38.41,42.56,0,1.2134215360088723,0.42906603060071163,160000
727,DOC,9.78,7.32,68.23,14.67,55.85,5.32,33.73,5.1,0.35,400,20.0,100.0,21.95,33.9,43.17,0,1.1350293444742863,0.4533978875022571,160000
728,Eucalyptus wood,5.18,4.8,70.85,19.18,51.17,7.95,35.11,5.32,0.85,300,35.0,25.0,26.3,42.12,27.95,1,1.8512724857384812,0.5151120875091824,90000
729,Eucalyptus wood,5.18,4.8,70.85,19.18,51.17,7.95,35.11,5.32,0.85,350,35.0,25.0,26.3,45.41,25.07,1,1.8512724857384812,0.5151120875091824,122500
730,Eucalyptus wood,5.18,4.8,70.85,19.18,51.17,7.95,35.11,5.32,0.85,400,35.0,25.0,25.68,44.59,21.99,1,1.8512724857384812,0.5151120875091824,160000
731,Eucalyptus wood,5.18,4.8,70.85,19.18,51.17,7.95,35.11,5.32,0.85,450,35.0,25.0,25.48,49.11,17.67,1,1.8512724857384812,0.5151120875091824,202500
732,Eucalyptus wood,5.18,4.8,70.85,19.18,51.17,7.95,35.11,5.32,0.85,500,35.0,25.0,24.86,44.18,24.86,1,1.8512724857384812,0.5151120875091824,250000
733,Eucalyptus wood,5.18,4.8,70.85,19.18,51.17,7.95,35.11,5.32,0.85,600,35.0,25.0,24.04,42.12,28.97,1,1.8512724857384812,0.5151120875091824,360000
734,Eucalyptus wood,5.18,4.8,70.85,19.18,51.17,7.95,35.11,5.32,0.85,700,35.0,25.0,24.25,39.86,30.62,1,1.8512724857384812,0.5151120875091824,490000
735,Eucalyptus wood,5.18,4.8,70.85,19.18,51.17,7.95,35.11,5.32,0.85,800,35.0,25.0,22.6,37.19,35.14,1,1.8512724857384812,0.5151120875091824,640000
736,Eucalyptus wood,5.18,4.8,70.85,19.18,51.17,7.95,35.11,5.32,0.85,450,35.0,50.0,26.15,32.1,35.16,1,1.8512724857384812,0.5151120875091824,202500
737,Eucalyptus wood,5.18,4.8,70.85,19.18,51.17,7.95,35.11,5.32,0.85,450,35.0,100.0,25.1,37.89,31.76,1,1.8512724857384812,0.5151120875091824,202500
738,Eucalyptus wood,5.18,4.8,70.85,19.18,51.17,7.95,35.11,5.32,0.85,450,35.0,150.0,24.94,39.0,30.89,1,1.8512724857384812,0.5151120875091824,202500
739,Eucalyptus wood,5.18,4.8,70.85,19.18,51.17,7.95,35.11,5.32,0.85,450,35.0,200.0,24.79,44.43,26.41,1,1.8512724857384812,0.5151120875091824,202500
743,corn,7.67,8.33,71.95,12.05,49.1,6.1,43.7,0.7,0.3,460,10.0,30.2,14.0,64.2,14.9,1,1.480358759253871,0.6681689245089019,211600
744,corn,7.67,8.33,71.95,12.05,49.1,6.1,43.7,0.7,0.3,500,10.0,30.2,18.2,66.0,15.9,1,1.480358759253871,0.6681689245089019,250000
745,corn,7.67,8.33,71.95,12.05,49.1,6.1,43.7,0.7,0.3,540,10.0,30.2,20.8,64.9,21.1,1,1.480358759253871,0.6681689245089019,291600
747,Karanja seed,7.27,1.5,89.23,2.0,53.04,7.32,35.53,3.94,0.5,500,20.0,40.0,25.76,50.23,24.8,1,1.6444709293973998,0.5028958140011955,250000
748,Karanja seed,7.27,1.5,89.23,2.0,53.04,7.32,35.53,3.94,0.5,525,20.0,40.0,22.19,53.15,25.06,1,1.6444709293973998,0.5028958140011955,275625
749,Karanja seed,7.27,1.5,89.23,2.0,53.04,7.32,35.53,3.94,0.5,550,20.0,40.0,20.21,55.32,25.64,1,1.6444709293973998,0.5028958140011955,302500
750,Karanja seed,7.27,1.5,89.23,2.0,53.04,7.32,35.53,3.94,0.5,575,20.0,40.0,18.77,51.85,29.51,1,1.6444709293973998,0.5028958140011955,330625
751,Karanja seed,7.27,1.5,89.23,2.0,53.04,7.32,35.53,3.94,0.5,600,20.0,40.0,19.03,50.51,31.26,1,1.6444709293973998,0.5028958140011955,360000
